[{"model": "admin.logentry", "pk": 1, "fields": {"action_time": "2024-09-21T12:20:43.936Z", "user": 2, "content_type": 6, "object_id": "1", "object_repr": "Horror", "action_flag": 1, "change_message": "[{\"added\": {}}]"}}, {"model": "admin.logentry", "pk": 2, "fields": {"action_time": "2024-09-21T12:20:51.517Z", "user": 2, "content_type": 6, "object_id": "2", "object_repr": "Racing", "action_flag": 1, "change_message": "[{\"added\": {}}]"}}, {"model": "admin.logentry", "pk": 3, "fields": {"action_time": "2024-09-21T12:20:55.547Z", "user": 2, "content_type": 6, "object_id": "3", "object_repr": "RPG", "action_flag": 1, "change_message": "[{\"added\": {}}]"}}, {"model": "admin.logentry", "pk": 4, "fields": {"action_time": "2024-09-21T12:20:59.149Z", "user": 2, "content_type": 6, "object_id": "4", "object_repr": "RTS", "action_flag": 1, "change_message": "[{\"added\": {}}]"}}, {"model": "admin.logentry", "pk": 5, "fields": {"action_time": "2024-09-21T12:21:02.365Z", "user": 2, "content_type": 6, "object_id": "5", "object_repr": "Action", "action_flag": 1, "change_message": "[{\"added\": {}}]"}}, {"model": "admin.logentry", "pk": 6, "fields": {"action_time": "2024-09-21T12:21:07.852Z", "user": 2, "content_type": 6, "object_id": "6", "object_repr": "Shooter", "action_flag": 1, "change_message": "[{\"added\": {}}]"}}, {"model": "admin.logentry", "pk": 7, "fields": {"action_time": "2024-09-21T12:21:24.276Z", "user": 2, "content_type": 6, "object_id": "7", "object_repr": "Adventure", "action_flag": 1, "change_message": "[{\"added\": {}}]"}}, {"model": "admin.logentry", "pk": 8, "fields": {"action_time": "2024-09-21T12:21:37.418Z", "user": 2, "content_type": 6, "object_id": "8", "object_repr": "Point and click", "action_flag": 1, "change_message": "[{\"added\": {}}]"}}, {"model": "auth.permission", "pk": 1, "fields": {"name": "Can add log entry", "content_type": 1, "codename": "add_logentry"}}, {"model": "auth.permission", "pk": 2, "fields": {"name": "Can change log entry", "content_type": 1, "codename": "change_logentry"}}, {"model": "auth.permission", "pk": 3, "fields": {"name": "Can delete log entry", "content_type": 1, "codename": "delete_logentry"}}, {"model": "auth.permission", "pk": 4, "fields": {"name": "Can view log entry", "content_type": 1, "codename": "view_logentry"}}, {"model": "auth.permission", "pk": 5, "fields": {"name": "Can add permission", "content_type": 2, "codename": "add_permission"}}, {"model": "auth.permission", "pk": 6, "fields": {"name": "Can change permission", "content_type": 2, "codename": "change_permission"}}, {"model": "auth.permission", "pk": 7, "fields": {"name": "Can delete permission", "content_type": 2, "codename": "delete_permission"}}, {"model": "auth.permission", "pk": 8, "fields": {"name": "Can view permission", "content_type": 2, "codename": "view_permission"}}, {"model": "auth.permission", "pk": 9, "fields": {"name": "Can add group", "content_type": 3, "codename": "add_group"}}, {"model": "auth.permission", "pk": 10, "fields": {"name": "Can change group", "content_type": 3, "codename": "change_group"}}, {"model": "auth.permission", "pk": 11, "fields": {"name": "Can delete group", "content_type": 3, "codename": "delete_group"}}, {"model": "auth.permission", "pk": 12, "fields": {"name": "Can view group", "content_type": 3, "codename": "view_group"}}, {"model": "auth.permission", "pk": 13, "fields": {"name": "Can add content type", "content_type": 4, "codename": "add_contenttype"}}, {"model": "auth.permission", "pk": 14, "fields": {"name": "Can change content type", "content_type": 4, "codename": "change_contenttype"}}, {"model": "auth.permission", "pk": 15, "fields": {"name": "Can delete content type", "content_type": 4, "codename": "delete_contenttype"}}, {"model": "auth.permission", "pk": 16, "fields": {"name": "Can view content type", "content_type": 4, "codename": "view_contenttype"}}, {"model": "auth.permission", "pk": 17, "fields": {"name": "Can add session", "content_type": 5, "codename": "add_session"}}, {"model": "auth.permission", "pk": 18, "fields": {"name": "Can change session", "content_type": 5, "codename": "change_session"}}, {"model": "auth.permission", "pk": 19, "fields": {"name": "Can delete session", "content_type": 5, "codename": "delete_session"}}, {"model": "auth.permission", "pk": 20, "fields": {"name": "Can view session", "content_type": 5, "codename": "view_session"}}, {"model": "auth.permission", "pk": 21, "fields": {"name": "Can add genre", "content_type": 6, "codename": "add_genre"}}, {"model": "auth.permission", "pk": 22, "fields": {"name": "Can change genre", "content_type": 6, "codename": "change_genre"}}, {"model": "auth.permission", "pk": 23, "fields": {"name": "Can delete genre", "content_type": 6, "codename": "delete_genre"}}, {"model": "auth.permission", "pk": 24, "fields": {"name": "Can view genre", "content_type": 6, "codename": "view_genre"}}, {"model": "auth.permission", "pk": 25, "fields": {"name": "Can add author", "content_type": 7, "codename": "add_author"}}, {"model": "auth.permission", "pk": 26, "fields": {"name": "Can change author", "content_type": 7, "codename": "change_author"}}, {"model": "auth.permission", "pk": 27, "fields": {"name": "Can delete author", "content_type": 7, "codename": "delete_author"}}, {"model": "auth.permission", "pk": 28, "fields": {"name": "Can view author", "content_type": 7, "codename": "view_author"}}, {"model": "auth.permission", "pk": 29, "fields": {"name": "Can add game", "content_type": 8, "codename": "add_game"}}, {"model": "auth.permission", "pk": 30, "fields": {"name": "Can change game", "content_type": 8, "codename": "change_game"}}, {"model": "auth.permission", "pk": 31, "fields": {"name": "Can delete game", "content_type": 8, "codename": "delete_game"}}, {"model": "auth.permission", "pk": 32, "fields": {"name": "Can view game", "content_type": 8, "codename": "view_game"}}, {"model": "auth.permission", "pk": 33, "fields": {"name": "Can add review", "content_type": 9, "codename": "add_review"}}, {"model": "auth.permission", "pk": 34, "fields": {"name": "Can change review", "content_type": 9, "codename": "change_review"}}, {"model": "auth.permission", "pk": 35, "fields": {"name": "Can delete review", "content_type": 9, "codename": "delete_review"}}, {"model": "auth.permission", "pk": 36, "fields": {"name": "Can view review", "content_type": 9, "codename": "view_review"}}, {"model": "contenttypes.contenttype", "pk": 1, "fields": {"app_label": "admin", "model": "logentry"}}, {"model": "contenttypes.contenttype", "pk": 2, "fields": {"app_label": "auth", "model": "permission"}}, {"model": "contenttypes.contenttype", "pk": 3, "fields": {"app_label": "auth", "model": "group"}}, {"model": "contenttypes.contenttype", "pk": 4, "fields": {"app_label": "contenttypes", "model": "contenttype"}}, {"model": "contenttypes.contenttype", "pk": 5, "fields": {"app_label": "sessions", "model": "session"}}, {"model": "contenttypes.contenttype", "pk": 6, "fields": {"app_label": "gamesAndReviews", "model": "genre"}}, {"model": "contenttypes.contenttype", "pk": 7, "fields": {"app_label": "gamesAndReviews", "model": "author"}}, {"model": "contenttypes.contenttype", "pk": 8, "fields": {"app_label": "gamesAndReviews", "model": "game"}}, {"model": "contenttypes.contenttype", "pk": 9, "fields": {"app_label": "gamesAndReviews", "model": "review"}}, {"model": "sessions.session", "pk": "4na6wi8iys2qimdujf718kgevdjh6i7o", "fields": {"session_data": ".eJxVjDsOgzAQBe_iOrLwZ71AmZ4zWN61E5yPkTCkiXL3gESRtG_mzVv4sC6jX2uafY6iF6oTp9-RAt9T2Um8hXKdJE9lmTPJXZEHrXKYYnqcD_cvMIY6bm8NKqBmy65pbBsMQaQIoQMGkxpDTBrZmZQQMJFyncOLRTRkGIhVu0XL-vSvXPNSRa_t5wuyTj1k:1ssPJ0:SYnSXx36p75g9c1pxBkywALhakdgqxNmvq2JWPGTCf0", "expire_date": "2024-10-06T16:19:26.960Z"}}, {"model": "gamesAndReviews.genre", "pk": 1, "fields": {"name": "Horror"}}, {"model": "gamesAndReviews.genre", "pk": 2, "fields": {"name": "Racing"}}, {"model": "gamesAndReviews.genre", "pk": 3, "fields": {"name": "RPG"}}, {"model": "gamesAndReviews.genre", "pk": 4, "fields": {"name": "RTS"}}, {"model": "gamesAndReviews.genre", "pk": 5, "fields": {"name": "Action"}}, {"model": "gamesAndReviews.genre", "pk": 6, "fields": {"name": "Shooter"}}, {"model": "gamesAndReviews.genre", "pk": 7, "fields": {"name": "Adventure"}}, {"model": "gamesAndReviews.genre", "pk": 8, "fields": {"name": "Point and click"}}, {"model": "gamesAndReviews.author", "pk": 1, "fields": {"password": "pbkdf2_sha256$870000$hZeLuZxdCQVzvr2bcLkiUD$dntMMvjE/TWb4SBQOpxXNVB/N+5mtK7UESvCfSIoaqE=", "last_login": "2024-09-21T11:01:08.326Z", "is_superuser": false, "username": "admin.user", "first_name": "", "last_name": "", "email": "email@emaiiil.com", "is_staff": false, "is_active": true, "date_joined": "2024-09-21T11:01:07.947Z", "pseudonym": null, "groups": [], "user_permissions": []}}, {"model": "gamesAndReviews.author", "pk": 2, "fields": {"password": "pbkdf2_sha256$870000$Jrg2I5Sayl3rsqef05WVNv$it8cwR0Smazn2ZX6TFDp+NuuP7bt/m321hrBNX+EfrE=", "last_login": "2024-09-21T12:20:32.040Z", "is_superuser": true, "username": "admin", "first_name": "", "last_name": "", "email": "", "is_staff": true, "is_active": true, "date_joined": "2024-09-21T12:20:17.540Z", "pseudonym": null, "groups": [], "user_permissions": []}}, {"model": "gamesAndReviews.author", "pk": 3, "fields": {"password": "pbkdf2_sha256$870000$PdM0cLx4qXoiRsMDfjS2Xt$JjeIAoI0uaoB6HsU6LXzcMg9c4E/c07VSC6hD2kWBjw=", "last_login": "2024-09-21T17:47:02.440Z", "is_superuser": false, "username": "admin.admin", "first_name": "Eddie", "last_name": "Rath", "email": "adrione@gmail.com", "is_staff": false, "is_active": true, "date_joined": "2024-09-21T17:15:57.223Z", "pseudonym": "Raaaazzz", "groups": [], "user_permissions": []}}, {"model": "gamesAndReviews.author", "pk": 4, "fields": {"password": "pbkdf2_sha256$870000$i8OaQJoMD29Rz5hExT8XlL$j5RFWsSlMxKeMpGSH2gmpdERi08QcLCeQJZxaDAr9m8=", "last_login": "2024-09-22T08:40:42.510Z", "is_superuser": false, "username": "1234", "first_name": "", "last_name": "", "email": "email@em2aiiil.com", "is_staff": false, "is_active": true, "date_joined": "2024-09-22T08:40:42.140Z", "pseudonym": null, "groups": [], "user_permissions": []}}, {"model": "gamesAndReviews.author", "pk": 5, "fields": {"password": "pbkdf2_sha256$870000$0yYhXUtW1xA6FTi6KTrwhO$B16Oz87gsrVbFyq1wvlduB5VSY3QimUpoviYyjkoocQ=", "last_login": "2024-09-22T08:41:00.863Z", "is_superuser": false, "username": "13123", "first_name": "", "last_name": "", "email": "ad@ad2.com", "is_staff": false, "is_active": true, "date_joined": "2024-09-22T08:41:00.490Z", "pseudonym": null, "groups": [], "user_permissions": []}}, {"model": "gamesAndReviews.author", "pk": 6, "fields": {"password": "pbkdf2_sha256$870000$jRU5yO97nbfKl3WVELCl8b$IcD5swFotgcWxEe5qGWa0S/DQMLaWAK19FUveVlivdQ=", "last_login": "2024-09-22T08:41:19.830Z", "is_superuser": false, "username": "423123", "first_name": "", "last_name": "", "email": "email@e1m2aiiil.com", "is_staff": false, "is_active": true, "date_joined": "2024-09-22T08:41:19.444Z", "pseudonym": null, "groups": [], "user_permissions": []}}, {"model": "gamesAndReviews.author", "pk": 7, "fields": {"password": "pbkdf2_sha256$870000$DMr8c43ddyeRovymfwUQkY$0wBlY2CRgoYm7Fbt63490AbupfbRqjgYuEnMYZmoKWE=", "last_login": "2024-09-22T08:41:47.408Z", "is_superuser": false, "username": "45646", "first_name": "", "last_name": "", "email": "1@1.com", "is_staff": false, "is_active": true, "date_joined": "2024-09-22T08:41:47.034Z", "pseudonym": null, "groups": [], "user_permissions": []}}, {"model": "gamesAndReviews.author", "pk": 8, "fields": {"password": "pbkdf2_sha256$870000$pwsz6CTJ4dZmezn0EL0agX$KaH2EXDW0z/1ekL90NoWET1rggOKp7ok282m0bT8SlY=", "last_login": "2024-09-22T08:42:03.355Z", "is_superuser": false, "username": "eddierath123", "first_name": "", "last_name": "", "email": "email@em123aiiil.com", "is_staff": false, "is_active": true, "date_joined": "2024-09-22T08:42:02.970Z", "pseudonym": null, "groups": [], "user_permissions": []}}, {"model": "gamesAndReviews.author", "pk": 9, "fields": {"password": "pbkdf2_sha256$870000$93jvDdXvTDWYUMV2sR0iql$sBn8nmF2cCmEBVYs76Ro63yXBb7NzKcAQSEbdYS0TnM=", "last_login": "2024-09-22T08:42:18.573Z", "is_superuser": false, "username": "ford_mustang23", "first_name": "", "last_name": "", "email": "mustang@m11ail.com", "is_staff": false, "is_active": true, "date_joined": "2024-09-22T08:42:18.185Z", "pseudonym": null, "groups": [], "user_permissions": []}}, {"model": "gamesAndReviews.author", "pk": 10, "fields": {"password": "pbkdf2_sha256$870000$7kiBNMy37kG1s8VLe8DOwb$FJMCCbEYpOaFbbyFv/uWSZ0tDTqXKOo4OzkMCiol7Kc=", "last_login": "2024-09-22T10:44:34.616Z", "is_superuser": true, "username": "adminadmin", "first_name": "", "last_name": "", "email": "admin@a.com", "is_staff": true, "is_active": true, "date_joined": "2024-09-22T10:44:08.725Z", "pseudonym": null, "groups": [], "user_permissions": []}}, {"model": "gamesAndReviews.author", "pk": 11, "fields": {"password": "pbkdf2_sha256$870000$UqvLp7dRBrBjmhbFD0pjnx$rNMJR8YxsoDoZFiAvpkEgRVIkwRh4uePY4BzJNKaGWI=", "last_login": "2024-09-22T11:30:41.733Z", "is_superuser": false, "username": "temple.user", "first_name": "", "last_name": "", "email": "temple.user@mail.com", "is_staff": false, "is_active": true, "date_joined": "2024-09-22T11:30:41.359Z", "pseudonym": null, "groups": [], "user_permissions": []}}, {"model": "gamesAndReviews.author", "pk": 12, "fields": {"password": "pbkdf2_sha256$870000$3OdnjQZxqeOEjSZZXWXGTB$JldVZUQ8XjbQog1ED4WwcC07yV2EOFm+w43iyV1mIas=", "last_login": "2024-09-22T11:44:14.072Z", "is_superuser": false, "username": "bock.mock", "first_name": "", "last_name": "", "email": "bock.mock@mail.com", "is_staff": false, "is_active": true, "date_joined": "2024-09-22T11:44:13.696Z", "pseudonym": null, "groups": [], "user_permissions": []}}, {"model": "gamesAndReviews.author", "pk": 13, "fields": {"password": "pbkdf2_sha256$870000$rwYrf4LxgmIAsNsGhnKnjs$nU6/exGHAx94nhochCx/hoBlzNoG3/TpMVXoK4f3zv8=", "last_login": "2024-09-22T12:02:46.301Z", "is_superuser": false, "username": "rain.pain", "first_name": "", "last_name": "", "email": "rain.pain@mail.com", "is_staff": false, "is_active": true, "date_joined": "2024-09-22T12:02:45.928Z", "pseudonym": null, "groups": [], "user_permissions": []}}, {"model": "gamesAndReviews.author", "pk": 14, "fields": {"password": "pbkdf2_sha256$870000$kxMUeHUb1zNuggfWoYQBg5$Oz3dovmIKevpf2Elfgz8f8otQe2EvkBde3/xqY4/sao=", "last_login": "2024-09-22T12:18:22.913Z", "is_superuser": false, "username": "dark.man", "first_name": "", "last_name": "", "email": "dark.man@mail.com", "is_staff": false, "is_active": true, "date_joined": "2024-09-22T12:18:22.544Z", "pseudonym": null, "groups": [], "user_permissions": []}}, {"model": "gamesAndReviews.author", "pk": 15, "fields": {"password": "pbkdf2_sha256$870000$srnMY0UWNgxwLerrje2Cp6$W6LvusNEx+cxNosxWu2AdY6P9xen+ydRvb5q/IEhRks=", "last_login": "2024-09-22T12:31:23.426Z", "is_superuser": false, "username": "click.man", "first_name": "", "last_name": "", "email": "click.man@mail.com", "is_staff": false, "is_active": true, "date_joined": "2024-09-22T12:31:23.061Z", "pseudonym": null, "groups": [], "user_permissions": []}}, {"model": "gamesAndReviews.author", "pk": 16, "fields": {"password": "pbkdf2_sha256$870000$1PHv0YyIuS2Y0lFprdatcN$AnZveg7CB8rH26QZyckRsLumTFqfjTcHopTbqRVGTOo=", "last_login": "2024-09-22T12:46:55.603Z", "is_superuser": false, "username": "strategy.boy", "first_name": "", "last_name": "", "email": "strategy.boy@mail.com", "is_staff": false, "is_active": true, "date_joined": "2024-09-22T12:46:55.230Z", "pseudonym": null, "groups": [], "user_permissions": []}}, {"model": "gamesAndReviews.author", "pk": 17, "fields": {"password": "pbkdf2_sha256$870000$0mGOSotTlCrNvYzq0xfSof$ix+JbOvxts2XyoVeV69qkrQQqcqGJKODUvYZbFjicXE=", "last_login": "2024-09-22T12:55:05.589Z", "is_superuser": false, "username": "racing.man", "first_name": "", "last_name": "", "email": "racing.man@mail.com", "is_staff": false, "is_active": true, "date_joined": "2024-09-22T12:55:05.222Z", "pseudonym": null, "groups": [], "user_permissions": []}}, {"model": "gamesAndReviews.author", "pk": 18, "fields": {"password": "pbkdf2_sha256$870000$lO4dy2BitmZoee45u9nw3Y$0gAeNwFLZRZK3GBxBSI+edsLxES8oQqpnP067xKu8uI=", "last_login": "2024-09-22T13:04:15.791Z", "is_superuser": false, "username": "shooter.man", "first_name": "", "last_name": "", "email": "shooter.man@mail.com", "is_staff": false, "is_active": true, "date_joined": "2024-09-22T13:04:15.415Z", "pseudonym": null, "groups": [], "user_permissions": []}}, {"model": "gamesAndReviews.author", "pk": 19, "fields": {"password": "pbkdf2_sha256$870000$zBplzhgkYhg9z9A4tRc5g7$KYumUVoaR6ghiqwdx3BiqLk18KcK4ss/fOSz4dekgxA=", "last_login": "2024-09-22T13:52:42.751Z", "is_superuser": false, "username": "bob.roor", "first_name": "", "last_name": "", "email": "bob.roor@mail.com", "is_staff": false, "is_active": true, "date_joined": "2024-09-22T13:52:42.366Z", "pseudonym": null, "groups": [], "user_permissions": []}}, {"model": "gamesAndReviews.game", "pk": 13, "fields": {"name": "Black Myth: Wukong", "image": "image/upload/v1727003028/xawagwlvcxxh30v4gk2n.png", "description": "Black Myth: Wukong is an action role-playing game with Soulslike elements. It is a single-player game, which is played from a third-person perspective.\r\n\r\nThe player controls a monkey protagonist referred to as the Destined One, who is based on Sun Wukong from the Journey to the West. The protagonist's weapon is a staff, which is based on the Ruyi Jingu Bang from the novel. The staff can extend and shrink in size during combat.[9] The three staff stances, which are the smash stance, the pillar stance, and the thrust stance, provide versatility in fights. The combat mechanics involve resource management. Focus can be accumulated by landing light attacks, executing well-timed dodges, and other means. A focus point is gained when the meter for focus is filled up. These points can be used to initiate heavy attacks.A heavy attack can be executed on its own or as a varied combo, which is triggered during light attacks.Stamina is depleted by sprinting, dodging, and attacking.[18][19]\r\n\r\nSpells have cooldowns and consume mana.They are categorized in mysticism, alteration, strand, and transformations.[20] The protagonist uses transformations to shapeshift into a different creature or being.[21][9] An example is the transformation Red Tides, which takes the form of Guangzhi, a wolfman who wields a flaming glaive.[9] The transformations come with their own movesets and health.[21][9] They are available on cooldown, but do not cost mana. They last until their might, which is depleted by attacking, or health runs out.\r\n\r\nSpirits provide a skill and passive effect if they are equipped. Defeated yaoguai chiefs may leave behind their spirits, which can be acquired if they are absorbed into a gourd. Spirit skills function as transformations to do a unique attack. Qi is used to activate spirit skills. An example of a spirit is the Wandering Wight, who does a headbutt attack.\r\n\r\nThe game follows a mostly linear progression interspersed with expansive areas. Throughout the world, the protagonist encounters various yaoguai as enemies.There are keeper's shrines, which act as checkpoints for the player, along the way. Players can reallocate their character's sparks, which are skill points, to change the character's playstyle without any restrictions. The game's difficulty cannot be changed by players, but it does not remain the same throughout a playthrough.", "price": "39.99", "genre": 3, "release_date": "2024-08-20", "authors": [10]}}, {"model": "gamesAndReviews.game", "pk": 14, "fields": {"name": "Baldurs Gate 3", "image": "image/upload/v1727004256/mhvex77qsxbmnydgnwez.jpg", "description": "Baldur's Gate 3 is the next installment in the beloved saga, which was officially unveiled at the Google Stadia event. The developers were people who had previously worked on the Divinity series. We invite users to see for themselves the spectacle of the upcoming game by enjoying the teaser trailer, which tells about the main features. It will be possible to download Baldur's Gate 3 torrent after the official release of the part.\r\n\r\nSo far, there is not enough information about the project. Neither the release date nor the features of the engine or the combat system have been reliably determined. So far, the developers promise that in this part a cooperative mode will reappear, built on the principle of a similar one in Divinity: Original Sin 2.\r\n\r\nThe developer Larian Studios has published information in its official press release that the third part of the game will expand the edges of the RPG genre. The user will be offered an interesting plot with tangible freedom of the player during decision-making, and some of them imply risk and high costs.", "price": "29.99", "genre": 3, "release_date": "2023-08-03", "authors": [9, 10, 3]}}, {"model": "gamesAndReviews.game", "pk": 15, "fields": {"name": "No Man's Sky", "image": "image/upload/v1727004475/gayp0z45jjte28ypzg3t.jpg", "description": "Do you want something incredible? Something large-scale? Then the game No Man's Sky download torrent is right for you. This is a sci-fi project, the developer was the British studio Hello Games, best known for its Joe Danger series about a funny stunt. But No Man's Sky is something completely different, or higher.\r\n\r\nYes, it is. At the same time, both literally and figuratively. The game world is procedurally generated. At the same time, the world is not a separate country, planet or even system. It's a whole universe! Each celestial body is unique and inimitable. Each planet has its own ecosystem. The life forms are amazing. How do you, for example, with a high-rise building carnivorous worms?\r\n\r\nWho do we play?\r\n\r\nThe player acts as a scout, traveler. He has his own ship, which needs to be groomed and cherished, otherwise after its destruction he will have to hang out at an unknown point in space in an escape pod. And they can destroy the ship - the inhabitants of space are allowed to fight with each other", "price": "59.99", "genre": 3, "release_date": "2016-08-12", "authors": [2, 4, 5, 6, 7, 8, 9, 10]}}, {"model": "gamesAndReviews.game", "pk": 16, "fields": {"name": "Final Fantàsy 16 (XVI)", "image": "image/upload/v1727004766/dxnebbq7svyiv9v1fzte.jpg", "description": "The cult fantasy universe is once again ready to please with unique adventures that will allow you to achieve new impressions and get acquainted with the updated narrative. This time, the developers have decided to touch upon a completely new topic about the game and its environment, or to be more precise, you will find a dark fantasy that will tell the amazing story of a knight who has become the last hope for the salvation of mankind. And what was his surprise that along with evil would come a new misfortune - the Eidolns, who possess children. The situation is not the most pleasant, to put it mildly, but there is nowhere to go, you have to act and try to survive in the new conditions of this adventure.", "price": "69.99", "genre": 3, "release_date": "2024-09-17", "authors": [11]}}, {"model": "gamesAndReviews.game", "pk": 17, "fields": {"name": "Wolcen Lords of Mayhem", "image": "image/upload/v1727004918/iyi0opefe1vgg9cbi8ut.jpg", "description": "Wolcen Lords of Mayhem was inspired by Diablo 2, one of the most popular games, using the CryEngine. But this is only a small part of the features of the new project, if you look a little more closely, here is what is proposed:\r\n- Obtaining new abilities and their subsequent development will be available to any character, regardless of class;\r\n- Exploring a new world will allow you to get more opportunities in the game;\r\n- Improved system for creating new items;\r\n- Possibility of building a house;\r\n- The latest developments in the field of AI (thanks to a profitable cooperation with Kythera).", "price": "35.99", "genre": 3, "release_date": "2020-02-13", "authors": [9, 11]}}, {"model": "gamesAndReviews.game", "pk": 18, "fields": {"name": "CyberPunk 2077", "image": "image/upload/v1727005076/rcrfghkts3hh51sv9oja.jpg", "description": "The cyberpunk theme will always be in demand from ordinary players. And the best part is that now the creators of the legendary Witcher have turned their attention to this universe. They decided to take matters into their own hands and create a truly unique and large world to explore and enjoy the many possibilities. At the same time, you can edit the appearance of the main character, not limit your actions in the expanses of this game and do everything to find a special drug that can make its owner immortal. It will be difficult to do this, since the world in which you will live is divided by the influence of various gangs, and they will definitely not want such a curious character to go and look for treasure.\r\nGame Features\r\n\r\na well-developed character editor will allow you to work well on your appearance and make it unique;\r\n\r\npay attention to the appearance of the main character, in most cases NPCs will react to this and treat you accordingly, so this issue should definitely be worked on well, otherwise the sad consequences will definitely not please you;\r\n\r\nNon-linearity is also the main feature of the game, because thanks to it, you can act freely and achieve success, while the whole world will be open to your careful exploration, and additional quests will reinforce your desire to succeed;\r\n\r\nan abundant number of implants will allow you to modify the main character in different directions, from a melee master to a unique shooter and even a hacker;\r\n\r\nNo one prevents you from acquiring a personal squad, which will include the best fighters or real psychos, no one will limit you in actions, and you will surely get the opportunity to succeed, according to", "price": "59.99", "genre": 3, "release_date": "2020-12-10", "authors": [1, 2, 4, 5, 6, 7, 8, 9, 10, 11]}}, {"model": "gamesAndReviews.game", "pk": 19, "fields": {"name": "Elden Ring", "image": "image/upload/v1727005165/rseae3ltmwxqg6f2fjil.jpg", "description": "Finally happening, two of the most hardcore and violent directions unite and invite users to go on an exciting adventure that will make you believe that evil can really be strong. By the way, today's game, which we highly recommend you to play, was created by the efforts of great developers (authors of Dark Souls) and no less great writer George R.R. Martin. Together they managed to create something unusual, dark and merciless. You already have the opportunity to download Elden Ring via torrent in Russian and become a hero who has to go on an adventure and overthrow evil. The problem is that there is only one hero, and evil is everywhere.\r\n\r\nAs before, Elden Ring is a role-playing adventure full of not only beautiful graphics, but also an incredibly high level of difficulty. A fantasy world that is on the verge of total destruction awaits you again. Evil is already dominating everywhere, so you will have to act carefully and try", "price": "65.50", "genre": 3, "release_date": "2022-02-25", "authors": [2, 5, 11]}}, {"model": "gamesAndReviews.game", "pk": 20, "fields": {"name": "Darkest Dungeon 2 (II)", "image": "image/upload/v1727005274/qnveyqdoqbcn2srvdwoh.jpg", "description": "Dark universes often become the object of close attention from users who enjoy spending a lot of time. For example, the most beloved universe of our time is the game Darkest Dungeon, which has received recognition and is simply a successful game. The developers from Red Hook Studios did not torment fans and released the first teaser for the sequel. Yes, after several updates to the first part, users will have the opportunity to go to a completely new world with the usual style and characters. And if you are ready to go to this world, then you just have to wait for the release and download Darkest Dungeon 2.\r\n\r\nA new location for dark heroism\r\nThe new adventure promises to be unpredictable and interesting, as the events will unfold in a mountain range with a small town. The developers promise an expanded setting, which will not only be mysterious, but also incredibly difficult.", "price": "19.59", "genre": 3, "release_date": "2023-05-08", "authors": [2, 11]}}, {"model": "gamesAndReviews.game", "pk": 21, "fields": {"name": "Liberator TD", "image": "image/upload/v1727005561/pe0j3l84w2ivskueyvmb.jpg", "description": "Liberator TD is both turret defense and a \"Top Down Shooter\", and is complemented by a pinch of science fiction! Where you have to colonize a distant world, but it turns out that hostile creatures already live there...\r\n\r\nGame Overview\r\nHurry up and take up arms and build an effective defense to fight off hordes of enemies and at the same time reveal all the secrets of the planet. Shoot and destroy as many insects as you can! But beware of especially large individuals, as well as powerful bosses and mini-bosses.\r\n\r\nAs it turns out, you've arrived to colonize an already densely populated world – and it won't end well. And literally! What does the onboard AI not talk about? Explore the planet inside and out to find out if you are really the only person here or not. Start your adventures in 3,2,1...", "price": "51.00", "genre": 5, "release_date": "2024-09-18", "authors": [12]}}, {"model": "gamesAndReviews.game", "pk": 22, "fields": {"name": "Armored Core 6", "image": "image/upload/v1727005904/d7jlplsdjwozavkidiyr.jpg", "description": "ARMORED CORE VI FIRES OF RUBICON – this project amazingly combines many years of experience and innovative mechanics. So what are you waiting for? Hurry up and go to meet unforgettable adventures!\r\n\r\nGame Overview\r\nFirst of all, it is worth noting the rather dynamic game mechanics. In addition, the game was created by FromSoftware studio in collaboration with Bandai Namco Entertainment. Therefore, it turned out to be a completely new action format! Well, here you can assemble a unique and sufficiently maneuverable robot to then move through a beautiful three-dimensional space.", "price": "49.99", "genre": 5, "release_date": "2023-08-25", "authors": [12, 3]}}, {"model": "gamesAndReviews.game", "pk": 23, "fields": {"name": "HumanitZ", "image": "image/upload/v1727006004/rsjxztsiikdzg0sfruzq.jpg", "description": "HumanitZ is a survival simulator with an isometric camera and a lot of room for the development of the main character. You will go to the vastness of a world that has suffered from the invasion of dangerous zombies. There are few survivors left in it, and even then, they are forced to survive separately, since there is no trust in anyone. Taking on the role of one of the survivors, you will have to take advantage of all available options for self-development and creating conditions for life. You will have to fight zombies in any case, but this will not be the basis of survival. After all, the main points for life will be resources, food, shelter and weapons. And if you are ready to go on an adventure, then all you have to do is download the HumanitZ torrent on PC and you can start surviving.\r\n\r\nComplete freedom of action\r\n\r\nThe undeniable advantage of the adventure will be complete freedom of survival. You are free to do whatever you want- No one prevents you from going to the city center and starting to collect the resources you find. Just keep in mind that you will have to face a large number of dangerous", "price": "31.59", "genre": 5, "release_date": "2023-09-18", "authors": [8, 12]}}, {"model": "gamesAndReviews.game", "pk": 24, "fields": {"name": "INCISION", "image": "image/upload/v1727006118/aslnhl7vtnvybyeqhikt.jpg", "description": "INCISION – try to go as far as possible through rather creepy labyrinths made in an industrial style, altered cityscapes and unusual alien buildings. Plunge headlong into quite brutal and at the same time dynamic battles, and also try to come out of them as a winner!\r\n\r\nGame plot\r\nBrutal, fast, and based on old classic shooters, the game will definitely make you enjoy the story! Get a truly unique experience, apply your focus and, of course, you can expect to be rewarded for your efforts. Well, all you need to do here is cut, shoot, burn and simply destroy everything in your path.\r\n\r\nIn addition, you will be able to use 8 types of a wide variety of weapons (shotguns, heavy machine guns, revolvers, incendiary rockets, saw spears) and much more. And, the world itself now looks more like a nightmare in which flesh and machines were able to combine in the most terrible way.", "price": "45.79", "genre": 5, "release_date": "2022-09-16", "authors": [12]}}, {"model": "gamesAndReviews.game", "pk": 25, "fields": {"name": "Ghost runner 2", "image": "image/upload/v1727006188/s6gpomtnbzutrnvdjnzk.jpg", "description": "Ghostrunner 2 is a cyberpunk adventure parkour action game that puts you in the shoes of a professional mercenary on a quest to take down the big evil corporations. In that interactive world, people have already ceased to be themselves, using a variety of implants and technologies implanted into their bodies. As a result of such interaction, people have lost themselves and become unrecognizable, succumbing to aggression or submitting to a higher force. That is why the main character decides to thwart plans for the general zombification of people by destroying the production and programming of implants by corporations. And if you can't wait to dive into this adventure, all you need to do is download the Ghostrunner 2 torrent on PC and you're ready to go.\r\n\r\nDynamic confrontation\r\n\r\nThe main advantage of the adventure has remained unchanged - dynamic movement using parkour elements and spectacular battles using a katana. This segment of the game has become many times better and offers much more features.", "price": "29.99", "genre": 5, "release_date": "2023-10-26", "authors": [12]}}, {"model": "gamesAndReviews.game", "pk": 26, "fields": {"name": "Into the Necrovale", "image": "image/upload/v1727006302/ux6sggpagn1sqaeymu22.jpg", "description": "Into the Necrovale – In this role-playing game, you need to collect various powerful items that can be combined with each other. At the same time, skillfully use your own physique. Unless, of course, you want to uncover the secrets and dangers of Necrodol, a place that has become home to various villains and criminals.\r\n\r\nGame Overview\r\nStranger, your fate hangs in the balance, or an ordinary condemned criminal chosen by the All-Father himself. But to keep everything as it is or to destroy it to the ground? The decision is up to you.\r\n\r\nSomeone can succumb to hopelessness, others are lost, there are still drowned and forgotten by everyone. No matter! You still need to fight for survival. Simply put, the dark Necrodol has become a haven for generations of unwanted criminals. Well, you go to download Into the Necrovale via torrent on PC to go there.", "price": "15.99", "genre": 5, "release_date": "2024-01-26", "authors": [12]}}, {"model": "gamesAndReviews.game", "pk": 27, "fields": {"name": "Chains of Fury", "image": "image/upload/v1727006414/piu61fh4tivhs3fbstyf.jpg", "description": "\"It's time for retribution!\" - with these words begins the main storyline of the game Chains of Fury, which is ideal for all those who have been working hard all week, are terribly tired and are ready to take out all their anger and negative energy on virtual monsters! Smashing, breaking, exploding, and destroying can all be done in a variety of ways in Chains of Fury.\r\n\r\nAnd very sophisticated, because according to the plot, you are a very experienced private mercenary who has nothing sacred, and who only needs his money. You're a legend, a kind of superhero among cold-blooded assassins, which is why your enemies made a big mistake when they crossed your path.\r\n\r\nYou were hired to remove the main, very powerful person with connections. You've done a great job, but now that the king is dead, no one is going to pay you for a brilliant job. Moreover, there is a solution to simply remove you, to waste you, because you know too much. Unfair, right?", "price": "41.00", "genre": 5, "release_date": "2024-09-16", "authors": [12]}}, {"model": "gamesAndReviews.game", "pk": 28, "fields": {"name": "Enotria The Last Song", "image": "image/upload/v1727006514/va5f4ys8u5ylcp6livll.jpg", "description": "Souls-Like is an exciting role-playing game set in a fantasy world favored by many gamers. The style chosen by the developers reflects elements of Italian folklore and culture. There is a similarity with Souls-Like here. However, there is an important feature - the game world is distinguished by brighter colors, characteristic of the Italian summer.\r\n\r\nPlaying field\r\nWhile traveling through the game's large map, users encounter many dangers. During the passage, you will have to overcome many difficulties. The continent on which the game takes place is called Enotria. There is no need to relax here. Dangers await at every step. The bright, colorful world beckons you to hit the road. Moving deep into the fantasy world, you can improve your character, make him more agile and brave.\r\n\r\nPlot\r\nThe world of fantasy captivates from the first minutes. The character is immersed in fascinating worlds.", "price": "59.99", "genre": 5, "release_date": "2024-09-16", "authors": [12]}}, {"model": "gamesAndReviews.game", "pk": 29, "fields": {"name": "Atelier Ryza 3", "image": "image/upload/v1727006726/kiup5mxwx0dv8bu6owx2.jpg", "description": "Atelier Ryza 3: Alchemist of the End & the Secret Key is the sequel to the classic JRPG game that belongs to the Secret series. The first part was released in 2019 and the second in 2021. Immerse yourself in the final adventure of Riza and her companions, and just have a good time.\r\n\r\nGame plot\r\nThanks to the \"keys\", this adventure becomes even more convenient and exciting! You can create special items by synthesizing all kinds of keys or even strengthen your characters to fight against quite powerful monsters later. In addition, keys can open access to barriers and chests with real treasures. This way, you'll be able to find rare items as you explore all kinds of fields.\r\n\r\nPlus, your adventure starts after mysterious islands appear. Riza lives a normal life with her friends somewhere on an island called Kurken, but then the urgent news arrives.", "price": "59.99", "genre": 7, "release_date": "2023-03-16", "authors": [13]}}, {"model": "gamesAndReviews.game", "pk": 30, "fields": {"name": "Wild West Dynasty", "image": "image/upload/v1727006828/ykzxenmepfk9pnjqbuwq.jpg", "description": "Wild West Dynasty is a great adventure that will allow you to immerse yourself in an open world, during the era of the Wild West.\r\n\r\nSharpshooters and cowboys\r\n\r\nThe main action takes place in the 1800s in America, where residents move inland each time in order to find a better life and establish new settlements. Rumors of gold attracted hundreds of brave travelers, while the small village began to rapidly turn into a city, with gambling, adventurers and merchants. In this adventure, players will take on the role of a brave cowboy who is trying to build his own ranch, providing it with wealth and food. We invite you to download Wild West Dynasty torrent on PC and create your own dynasty.\r\n\r\nThe long and thorny path of a lonely cowboy\r\n\r\nYou will have to collect food, hunt animals, sell hide and meat. It will be necessary to build a city with ordinary hotels, offices for sheriffs, saloons and various shops.", "price": "15.99", "genre": 7, "release_date": "2024-09-22", "authors": [13]}}, {"model": "gamesAndReviews.game", "pk": 31, "fields": {"name": "ASKA", "image": "image/upload/v1727006998/ap3ehfnoky1wmqwszzqx.jpg", "description": "ASKA – build your own Viking settlement and survive in some pretty difficult conditions! Embark on an amazing voyage through the turbulent seas and unravel the secrets of this extraordinary world. Survive, build various objects, fight, swim and do much more, but be sure that an ancient enemy will come after you...\r\n\r\nGame Description\r\nIn this highly developed game, you will create your own Viking tribe, work hard, craft, hunt, fight and all this together! Therefore, quickly take command and organize the life of the settlers.\r\n\r\nIn addition, the game's plot is presented from a 3rd person perspective, where you have to satisfy the different needs of the inhabitants. So, for example, build various houses, workshops, shipyards, farms, and more. But before that, don't forget to download ASKA via torrent on PC. Can you handle it?", "price": "65.99", "genre": 7, "release_date": "2024-03-12", "authors": [11, 13]}}, {"model": "gamesAndReviews.game", "pk": 32, "fields": {"name": "Neckbreak", "image": "image/upload/v1727007104/t374aiftnsdetkyhntq6.jpg", "description": "Neckbreak – if you experience an overdose of reality, it can have sad consequences! Therefore, hurry up and go down the rabbit hole and open a fall with multiple endings. And all this is seasoned with non-linear gameplay, common sense and more.\r\n\r\nGame Description\r\nThe world is about to end, the EU is in turmoil, and an entirely new superpower is emerging on the horizon. The Novorossiysk Federation includes such members as: Ukraine, Lithuania and Poland. Enter the first European metropolis as soon as possible.\r\n\r\nA free town called Crimson Tide is subject to the New World Order. It was erected as the peak of people's achievements on the border between the two powers. Political parties have remained somewhere in the distant past, and voting now takes place through the wallet. Somewhere in the city, an ordinary average citizen begins his next day...", "price": "42.99", "genre": 7, "release_date": "2021-05-08", "authors": [13]}}, {"model": "gamesAndReviews.game", "pk": 33, "fields": {"name": "Broken Sword - Shadow of the Templars: Reforged", "image": "image/upload/v1727007180/r8djibcofveeatjdoue4.jpg", "description": "Broken Sword - Shadow of the Templars: Reforged is the same and award-winning adventure. But it has been completely redesigned! For example, the developers have added improved 4K graphics, updated sound and much more.\r\n\r\nGame Overview\r\nEmbark on an incredible adventure with a fearless American and journalist. Find dangerous adventures for yourself there and uncover amazing ancient conspiracies. But that's not all!", "price": "9.99", "genre": 7, "release_date": "2024-09-18", "authors": [13]}}, {"model": "gamesAndReviews.game", "pk": 34, "fields": {"name": "Way of the Hunter", "image": "image/upload/v1727007263/udebdruie6givzddjki8.jpg", "description": "Way of the Hunter is an animal hunter simulator where you have to demonstrate all your shooting and game tracking skills. This time you will have the opportunity to go to a colorful and surprisingly spacious corner of the planet, where many different animals live. Do not rush too much to catch them, as the hunt will be as realistic as possible and will require full dedication from you. To test and start applying all your skills, first we want to offer to download the Way of the Hunter torrent on PC and only after that you can start taking the first steps.\r\n\r\nDetailed hunting\r\n\r\nWith the new advantage of your adventure will be the hunt itself, which will be worked out in detail and will allow you to have a good time. Hunting includes dozens of different elements and points for careful study. For example, before shooting, you will have to take into account dozens of different factors, and even get to the victim.", "price": "32.00", "genre": 7, "release_date": "2017-01-23", "authors": [13]}}, {"model": "gamesAndReviews.game", "pk": 35, "fields": {"name": "Hit of Chernobyl", "image": "image/upload/v1727007341/jxt6ihtqg9nyvcdfbsba.jpg", "description": "Hit of Chernobyl is an incredible Survival FPS in which you are invited to explore the Exclusion Zone filled with danger. The gameplay unfolds after a disaster, and now you have to survive in a completely new reality!\r\n\r\nGame plot\r\nYears have passed since the tragedy and more and more adventurers are flocking to the abandoned zone: looters, journalists and the most ordinary connoisseurs of thrills. All of them strive to find original artifacts with a variety of properties, but many will have to face unpredictable dangers.\r\n\r\nTurn into such an adventurer and explore a bizarre world with authentic and carefully designed locations. From gloomy abandoned factories to strange forests. The gameplay is accompanied by a unique atmosphere of despair and despondency, thanks to which it immerses you in the difficult realities of existence in the Zone. Ready?", "price": "0.00", "genre": 7, "release_date": "2022-12-12", "authors": [13]}}, {"model": "gamesAndReviews.game", "pk": 36, "fields": {"name": "Jesus Christ Simulator", "image": "image/upload/v1727007407/znvbebb4cyvizvn37zat.jpg", "description": "Jesus Christ Simulator is a completely revolutionary vision of \"Superhero Simulator\"! Where you can transform into an epic role that has been specially reimagined with modernity in mind.\r\n\r\nGame plot\r\nSimply put, in this original game, you are invited to become one of the greatest superheroes. So you will have divine powers, and one mission to fix a broken system in a rather huge metropolis of America.\r\n\r\nYou must restore order to the past and restore light to the world while people are forced to coexist with systemic gaps and social injustices. To do so, you'll have the ability to fly, have powerful lasers, and a whole host of other abilities. Therefore, help people and radically influence their lives!", "price": "14.88", "genre": 7, "release_date": "2024-06-22", "authors": [7, 9, 13]}}, {"model": "gamesAndReviews.game", "pk": 37, "fields": {"name": "Water Delivery", "image": "image/upload/v1727007588/xsn0w1bqifgnxxbbuuld.webp", "description": "Water Delivery is a truly nightmarish 1st person experience. Where you have to turn into a boy working as a water delivery man. He drives a truck to deliver water to his customers. Among his responsibilities: delivering jugs, collecting empty ones and, of course, receiving payment. Will you be able to complete the last evening route?\r\n\r\nGame Description\r\nImmerse yourself in the exploration of a variety of original places. At the same time, complete your last task related to delivery in the evening. All jugs of water must be delivered on time.\r\n\r\nFind empty jugs, and don't forget to pay. But what can you expect around the next corner? No one knows! What is really the dark secret in this rural community? Do your best to figure it out!", "price": "23.46", "genre": 1, "release_date": "2024-03-12", "authors": [14]}}, {"model": "gamesAndReviews.game", "pk": 38, "fields": {"name": "HYPER VIOLENT", "image": "image/upload/v1727007671/mdckblf9pumdwdqsxolz.jpg", "description": "HYPERVIOLENT is a classic first-person shooter that invites you to go on an exciting adventure and try to achieve success using all the available features. The most interesting and exciting example of your adventure will be that you can easily use a large arsenal of weapons to destroy everything around you. The main thing is to quickly adapt to the situation and make decisions confidently. By the way, the events of the game will take place in the vastness of space, where miners were able to find something terrible and scary on one asteroid. And this something began to kill everyone, sparing no one. You need to urgently go there and try to save the survivors, and for this it will be enough to download the HYPERVIOLENT torrent on PC and start conquering all the available expanses.\r\n\r\nFight or die\r\n\r\nTo survive in this environment, you will need to put in a lot of effort and try to properly use absolutely all available types of weapons", "price": "45.78", "genre": 1, "release_date": "2024-09-22", "authors": [14]}}, {"model": "gamesAndReviews.game", "pk": 39, "fields": {"name": "Dusk", "image": "image/upload/v1727007775/dxawjta3kguarnwcjqdh.jpg", "description": "Dusk is a survival game where players will find themselves in a virtual world that has survived a terrible biological disaster. And now, in conditions of complete loneliness, you have to survive, look for food, equipment and weapons. The game will have a dual mode, that is, the player will have time during the day to explore the world around him and look for the necessary items. And at night, terrible creatures will appear on the streets of the city, ready to tear anyone to pieces. Although, the developer promises that the player will have complete freedom of action, he can act according to the plan, or he can even walk around at night, fighting monsters. But it is worth noting that the monsters will have unique AI, use the environment and predict the player's actions. And the player, in turn, will be able to use parkour skills and build defensive structures and houses.", "price": "13.87", "genre": 1, "release_date": "2024-07-23", "authors": [1, 14]}}, {"model": "gamesAndReviews.game", "pk": 40, "fields": {"name": "Panic In The Woods", "image": "image/upload/v1727007878/rsdbme5n8gn1bpcmflxz.jpg", "description": "Panic In The Woods is a single-player or cooperative survival horror where you and your friends will have to work together with walkie-talkies in your hands. And all this in the role of real boy scouts, who, by chance, got lost in the middle of a terrible forest!\r\n\r\nGame plot\r\nSomewhere in the woods, a nightmarish monster is roaming, and you must expel it from here as soon as possible! Therefore, carefully explore the environment, find all the keys and open the gates that serve as portals to the hellish worlds. In the latter, you will need to get skulls in order to then perform one demonic ritual...\r\n\r\nImmerse yourself in survival with close or complete strangers. Try to deceive the monster! Direct your teammates to important places on the radio, use one as bait while the others explore the world around them. And if someone from your team is caught, he will end up in a cage, and others will have to free him. Ready for the consequences?", "price": "77.77", "genre": 1, "release_date": "2011-09-22", "authors": [13, 14]}}, {"model": "gamesAndReviews.game", "pk": 41, "fields": {"name": "Baby Blues Night mares - Toddler Horror Game", "image": "image/upload/v1727007976/lsrxiy2kyipe8lpbwu1d.jpg", "description": "Baby Blues Nightmares - Toddler Horror Game – ýòî îäíîâðåìåííî õîððîð è âûæèâàíèå, â êîòîðîì âàì ïðåäñòîèò ïðèìåðèòü ðîëü ìàëûøà è ïîìî÷ü åìó ïåðåæèòü íåìàëî êîøìàðîâ. Òàê ÷òî èç ýòîãî ðåàëüíî, à ÷òî âûìûñåë?\r\n\r\nÎáçîð èãðû\r\nÎòïðàâüòåñü íàâñòðå÷ó èññëåäîâàíèÿì ñâîåãî íåáîëüøîãî ìèðà ïðè ïîìîùè òðåõêîëåñíîãî âåëîñèïåäà, êîòîðûé ê òîìó æå âûñòóïàåò âàøèì òðàíñïîðòîì. Ìåñòî äëÿ õðàíåíèÿ èãðóøåê, íàñòðîéêà êîëåñà, ïîêðàñêà è ïîèñê êîëëåêöèîííûõ ïðåäìåòîâ – âñå ýòî åùå æäåò âàñ âïåðåäè!\r\n\r\nÊ òîìó æå, íå ñòîèò çàáûâàòü ïðîâîäèòü âîâðåìÿ ðåìîíò è íàñòðàèâàòü âåëîñèïåä, ÷òîáû èññëåäîâàòü ìèð. Íó, à, êîãäà ñòðàøíî, íå ñòîèò ïëàêàòü èëè êðè÷àòü, òàê êàê ìîíñòðû òîãäà âàñ áûñòðî îáíàðóæàò! Â îáùåì, âñòðå÷àéòå îäíî èç ñàìûõ ëåäåíÿùèõ ïóòåøåñòâèé â òðåâîæíîå öàðñòâî, ïðåäñòàâëÿþùåå ñîáîé äåòñêèå êîøìàðû âìåñòå ñ õðàáðûì ìàëûøîì. Äóìàåòå ó íåãî ïîëó÷èòñÿ âåðíóòü ñâîè ëþáèìûå èãðóøêè?", "price": "45.00", "genre": 1, "release_date": "2024-09-22", "authors": [14]}}, {"model": "gamesAndReviews.game", "pk": 42, "fields": {"name": "Sker Ritual", "image": "image/upload/v1727008045/svicuuijy2upwt4uptt6.jpg", "description": "Sker Ritual is a first-person shooter that invites you to take advantage of the opportunity to fight dangerous and creepy creatures. This time, you will need to put in a lot of effort and try to achieve a favorable result in terms of survival. It will be enough just to download the game Sker Ritual via torrent to get access to a wide variety of weapons and try to use their characteristics correctly. There will be a lot of monsters, and they will definitely make you make every effort to destroy all enemies and try to properly realize your potential.\r\n\r\nFierce confrontation\r\n\r\nThe main advantage of the adventure will be the high dynamics of the confrontation, which will allow you to assess your capabilities. You will have to participate in battles either alone or as part of a group of four people. It will be necessary to actively use any available opportunities to realize your potential, do not forget to shoot accurately and dodge enemy attacks.", "price": "32.00", "genre": 1, "release_date": "2024-09-19", "authors": [14, 3]}}, {"model": "gamesAndReviews.game", "pk": 43, "fields": {"name": "Hollowbody", "image": "image/upload/v1727008121/wdiymrp6txpahco2vyoj.png", "description": "Hollowbody is a small but terrifying adventure complete with classic survival elements! Immerse yourself in an unusual abandoned town somewhere in the middle of Britain, made in the style of techno-noir.\r\n\r\nGame plot\r\nThe main character is stuck in a real exclusion zone! There is complete death around, a lot of decomposing corpses, suffocating walls and many other no less gloomy details. In addition, you will be alone with this problem and you have a limited amount of resources at your disposal. Solve the puzzles of the world around you, manage your resources and try to survive in order to leave this place.", "price": "55.99", "genre": 1, "release_date": "2022-12-12", "authors": [11, 14]}}, {"model": "gamesAndReviews.game", "pk": 44, "fields": {"name": "Green Hell", "image": "image/upload/v1727008187/nfjhuy0q1zndfut4dgey.jpg", "description": "Green Hell is an ambitious survival simulator that this time offers to go on an amazing adventure and try to survive. However, unlike other similar projects, this time you really have to show special survival skills and try to prove your iron will. There is no doubt that you will gradually adapt to the new conditions, but will it become easier? If you are not afraid of such an unusual beginning of the story, then we suggest just Green Hell download torrent and prove that you are a true professional of survival games. But do not rush, this time everything will be much more difficult, since resources will be running out, and you will have to act based on personal logic and capabilities.\r\n\r\nThe \"green hell\" of the Amazon\r\nThe story of the game tells about a not very successful traveler who was surrounded by the Amazon. What happened to him? Why was he there all alone? And how can he get out now? It will not be possible to answer these questions just like that, you will have to gradually investigate", "price": "99.99", "genre": 1, "release_date": "2024-09-22", "authors": [13, 14]}}, {"model": "gamesAndReviews.game", "pk": 45, "fields": {"name": "Magret & Face De Bouc", "image": "image/upload/v1727008725/wcsqbgxz9ti4eria2uf3.jpg", "description": "Magret & FaceDeBouc The buddy-buddy case – you will have a very unusual duet at your disposal. A duck refined in everything and an extremely hostile goat! Help them solve the mystery of the murder of a local store owner. Moreover, the latter was found in the form of a sausage in this incredible cartoon investigation with police officers and point-and-click elements.\r\n\r\nGame Overview\r\nImmerse yourself in an incredible episode of a series of point-and-click adventure games. Where you will definitely not be bored! Simply put, open the door to an amazing cartoon universe spiced up with a lot of humor.\r\n\r\nInspector Magre is forced to team up with another inspector to investigate a rather difficult case. In general, this is a game made in the best traditions of the adventure genre, \"point and click\", and also seasoned with a pinch of nostalgia.", "price": "15.99", "genre": 8, "release_date": "2024-03-12", "authors": [15]}}, {"model": "gamesAndReviews.game", "pk": 46, "fields": {"name": "Techno baby lon", "image": "image/upload/v1727008781/bmxgzsdyq4nr8wb8y64u.jpg", "description": "Technobabylon is an adventure game set in a fairly dynamic universe. Where you have to face various challenges and just enjoy the gameplay.\r\n\r\nGo to explore a futuristic world and go through a very interesting plot with a lot of unexpected twists. Here you and the hero will have to travel to the distant future, which is no longer the way you are used to seeing it. And, from the very first minutes, this atmospheric game will make you get only positive emotions and just have a good time.\r\n\r\nWhere in the distant future you will find a lot of changes, mainly in terms of technological development. However, at one point, its development is paused, and it is something completely informative. Now, in order to get any information on the Internet, you do not need gadgets or computers.", "price": "11.11", "genre": 8, "release_date": "2022-12-12", "authors": [15]}}, {"model": "gamesAndReviews.game", "pk": 47, "fields": {"name": "Resonance", "image": "image/upload/v1727008836/zphilc4kjrgh65ujxdds.jpg", "description": "Resonance is a game with simple adventure graphics and point-and-click elements. Here you have to plunge into the world of science fiction and try to find a repository with the secrets of a deceased scientist.\r\n\r\nGameplay\r\nThe brilliant physicist had been working on some secret developments for decades. And at the final stage, he dies under mysterious circumstances. Now the real hunt for his work begins. You need to conquer time itself to get to the secrets of the doctor's research.\r\n\r\nMove through the detailed locations, study them carefully, find clues and useful materials. Keep an eye on suspects and gather evidence against them. Selected items can be combined and new attachments can be obtained to aid in your investigation.", "price": "22.99", "genre": 8, "release_date": "2024-07-23", "authors": [13, 15]}}, {"model": "gamesAndReviews.game", "pk": 48, "fields": {"name": "Old Skies", "image": "image/upload/v1727008891/i2zqz0wv9gucudcmj0en.jpg", "description": "Old Skies is an unusual adventure in the quest genre. This time, you will have to try on the role of an employee of the technology company ChronoZen named Fia Quinn. The main task of the adventure will be that now you have to assess the entire situation and try to achieve an excellent result in the mission of observing an extremely rich and ambitious family. The only question is that they are going to travel in time and are not particularly worried about the consequences. Therefore, you just have to go with them, prevent any \"profit\" or attempts to darken the future. To do this, it will be enough for you to download the Old Skies torrent on PC so that nothing else distracts you and you can immerse yourself in this unique narrative.\r\n\r\nImportance of the decisions taken\r\n\r\nIf you like a variety of adventures, then this time you will find an interesting narrative with a lot of interesting discoveries. It will be necessary to monitor each family member and evaluate behavior. If you suddenly", "price": "56.78", "genre": 8, "release_date": "2024-03-12", "authors": [15]}}, {"model": "gamesAndReviews.game", "pk": 49, "fields": {"name": "Beautiful Desolation Deluxe Edition", "image": "image/upload/v1727008972/gukmlpvoszvb24orymmy.jpg", "description": "Do you remember the wonderful adventure called Stasis, which touched the soul and told about the saddest dark events in space? Now the developers from The Brotherhood studio are going to tell us a new story, the events of which will take place in the distant future in an African setting. The main character of the game will get there completely by accident and will become the epicenter of not the best development of the story. So far, this is all that is known about this project, in the near future the studio itself intends to create a crowdfunding campaign to raise funds and is confident in its success. In principle, after the first masterpiece about space, there is no reason not to trust the company.\r\n\r\nAs for the appearance, the Beautiful Desolation project will be as isometric as Stasis, and all control will be reduced to point and click format.", "price": "34.87", "genre": 8, "release_date": "2024-03-12", "authors": [15]}}, {"model": "gamesAndReviews.game", "pk": 50, "fields": {"name": "Who's Lila?", "image": "image/upload/v1727009021/l9pxfqx8zzzdjlc9m0ym.jpg", "description": "Who's Lila? is an incredible point-and-click adventure game in which you have complete control over the protagonist's facial expressions. The protagonist's life has always been quite difficult, but today is a special day. A girl from his circle of acquaintances disappears and only he was the last to communicate with her.\r\n\r\nGame plot\r\nSecretive lifestyle or show true emotions? It's up to you! After all, in fact, the game features a special neural network that recognizes faces. Well, in between the main adventures, you can simply enjoy an unusual world.\r\n\r\nIt is here that you can find excellent landscapes in the style of abstractionism, surreal architecture, loft interiors, various industrial and everyday objects, and much more. Will you be able to solve all the riddles?", "price": "43.00", "genre": 8, "release_date": "2024-09-22", "authors": [15]}}, {"model": "gamesAndReviews.game", "pk": 51, "fields": {"name": "The Night of the Rabbit", "image": "image/upload/v1727009069/xt6uyno1vqibnb37sseh.jpg", "description": "The Night of the Rabbit is an adventure game with point-and-click gameplay. Events unfold in a grotex-fantasy world, where most of the time the hero will have to explore locations, collect various items, conduct dialogues with the local population and solve many problems.\r\n\r\nThere is a lot of magic in the game, which the protagonist, named Jerry, learns during his development. He learns new spells that help him achieve the desired goal. One of his most important skills is talking to inanimate objects, such as statues. From them, he can learn a lot of useful things about certain events that they have witnessed.\r\n\r\nDuring the game, we learn the story of a twelve-year-old boy who dreamed of learning the art of magic. At the end of his summer vacation, the hero meets the Marquis de Hoteau, who turns out to be a magician and kindly agrees to take Jerry as an apprentice. But this is not a simple magician, but a hominid rabbit, only the size of an adult human. Marquis pro", "price": "54.97", "genre": 8, "release_date": "2024-07-23", "authors": [15]}}, {"model": "gamesAndReviews.game", "pk": 52, "fields": {"name": "Tormentum: Dark Sorrow", "image": "image/upload/v1727009119/m29orlkekdkakzbimmb6.jpg", "description": "Tormentum Dark Sorrow is a classic type of adventure in which you have to explore locations, communicate with various characters and, of course, solve interesting puzzles. But, in order to pass them, you will need to use the found items and drive different cars.\r\n\r\nHere you will play as an unnamed hero and together with him go on a journey through an incredible world. He has no idea what his name is, and how he got to this strange place. The only thing that the hero has is a picture of a hill, and on its top there is a rather unusual sculpture of a forest, which was made from huge human hands.", "price": "19.99", "genre": 8, "release_date": "2024-03-12", "authors": [13, 15]}}, {"model": "gamesAndReviews.game", "pk": 53, "fields": {"name": "Stolen Realm", "image": "image/upload/v1727009268/j4wkig3zhlkxxfwsbipu.jpg", "description": "Stolen Realm is an RPG that uses a unique turn-based way of combat. Take control of six of the strongest heroes and embark on an exciting adventure.\r\n\r\nGameplay\r\nComplete tasks and earn money on procedurally generated hexagonal fields. Experience the uniqueness of the combat system and the poignancy of the original RPG story. Carefully plan the placement of each warrior to gain an advantage during the fight. Make the most of the terrain to protect yourself from dangers.\r\n\r\nExplore a colorful world and collect hundreds of powerful items and relics. Equip your fighters in the best armor and pick up the strongest weapons for them. During the game, each warrior will receive experience points, which can later be exchanged for improvements. Level up, choose the skills that suit the fighter's class, mix them and create the strongest combinations.", "price": "65.00", "genre": 4, "release_date": "2024-03-12", "authors": [16]}}, {"model": "gamesAndReviews.game", "pk": 54, "fields": {"name": "Learning Factory", "image": "image/upload/v1727009327/p8itt6iktl9xbt3jwsm3.jpg", "description": "Learning Factory is a unique game that immerses you in the world of automation and exploration of feline happiness. As a chief engineer at an abandoned Factory on Mars, you embark on an exciting journey to create happy cats through science and technology.\r\n\r\nGame Description\r\nStart by renovating the Factory, bring it to life with automated production chains. Your task is not only to create products for cats, but also to get to the heart of their happiness through data collection and analysis using machine learning. The more you produce and sell, the more data you get for scientific research.\r\n\r\nEvery step, every decision leads to a scientific breakthrough that unlocks the secrets of the cat's mind. And don't forget about the Monument and CATopia - they will become symbols of your success and proof of your influence on Mars. Click download Learning Factory via torrent on PC, and get ready for an exciting immersion in the world of science, automation and the happiest cats on the planet!", "price": "45.76", "genre": 4, "release_date": "2024-03-12", "authors": [16]}}, {"model": "gamesAndReviews.game", "pk": 55, "fields": {"name": "Terminus: Zombie Survivors", "image": "image/upload/v1727009383/sacukpufl9xutpb7l9ch.jpg", "description": "Terminus Zombie Survivors - try to survive in this creepy apocalyptic world, which is filled with a large number of bloodthirsty zombies. Go with the main character on a dangerous journey in search of a safe place and just enjoy the plot!\r\n\r\nGame Description\r\nIn this gloomy world, the map will be generated randomly, making it fun to explore every time. Collect resources, survive and of course kill as many zombies as possible.\r\n\r\nAnd, you should understand that, as in any turn-based game, here all your actions will be step-by-step. Therefore, think everything through in advance! In addition, it is worth noting that the game features several interesting modes, which allowed you to slightly diversify the gameplay. While downloading Terminus: Zombie Survivors via torrent on PC is the first step to conquering the gloomy world.", "price": "34.00", "genre": 4, "release_date": "2024-07-23", "authors": [16]}}, {"model": "gamesAndReviews.game", "pk": 56, "fields": {"name": "Old World", "image": "image/upload/v1727009450/yjxdgtrnkq5yc0ixetva.jpg", "description": "If you like global strategy games, then today we are ready to please you with another new release. This time, you will have the opportunity to travel to the ancient era and take on the role of one of the rulers of that time, regardless of religion and political system. Managing your small empire, you have to achieve the ambitions of your nation and try to lead the people to serene happiness, and it is immediately worth noting that each nation will have an individual concept: someone wants to spread religion, others crave wealth, and still others dream of war. There will be a lot of tasks and the success of the game will depend on them. And this means that it's time to prepare for this adventure and try to achieve success.\r\n\r\nRecognition of the people\r\n\r\nThis game adventure resembles the iconic Civilization VI, but has a number of features. For example, in order to effectively manage your troops, build and expand your borders, you need people to respect you and want to follow you. Dosti", "price": "32.00", "genre": 4, "release_date": "2024-03-12", "authors": [16]}}, {"model": "gamesAndReviews.game", "pk": 57, "fields": {"name": "Final Factory", "image": "image/upload/v1727009495/bt6gcvsklj0tkg4wktxk.jpg", "description": "Final Factory – Explore a vast universe and build your own factory. Build many automated stations in space, take command of the fleet and try to withstand very powerful aliens.\r\n\r\nGame Overview\r\nYou have a great opportunity to create a factory on a cosmic scale! Therefore, apply careful logistics planning, design the station and connect it with various crossings.\r\n\r\nDo you think you can move up the technology tree? After all, you have yet to bring the production of a large number of ships to automatic. And protect your base from alien attacks. But before that, click download Final Factory via torrent on PC.", "price": "11.00", "genre": 4, "release_date": "2024-09-22", "authors": [15, 16]}}, {"model": "gamesAndReviews.game", "pk": 58, "fields": {"name": "Satisfactory", "image": "image/upload/v1727009539/girhfszadrqze2kjvskq.jpg", "description": "Satisfactory is an adventure game that invites users to go to a completely unknown planet and organize an industrial paradise there. You will need to explore the surface of the planet, find out what resources it possesses and then just start organizing a large production. Do not rush too much, as the industrial complex is quite complex and multifaceted, which will require maximum concentration and will definitely not give you a descent in terms of planning. In general, it will be quite difficult, but we believe that you will cope and achieve a favorable result. Only at first you will need to download Satisfactory torrent to PC to ensure hours of unforgettable gameplay.\r\n\r\nBuild and upgrade\r\nAt first, the game, of course, will give out the simplest blueprints of production machines, which should become the basis of global resource extraction. All you need is just to try to achieve a favorable result in terms of organizing the extraction and processing of resources. Case", "price": "54.00", "genre": 4, "release_date": "2024-07-23", "authors": [16]}}, {"model": "gamesAndReviews.game", "pk": 59, "fields": {"name": "Pioneers of Pagonia", "image": "image/upload/v1727009595/a5kvivsxnnbonmvcnm3o.jpg", "description": "Pioneers of Pagonia – this amazing game will be full of exploration, incredible discoveries and simply fantastic islands of Pagonia. So hurry up and start building all kinds of buildings, use a variety of goods and effectively set up production. Well, the manifestation of a creative approach in the economy will definitely not be superfluous!\r\n\r\nGame Description\r\nThis beautiful world is represented by countless islands and motley villages. Well, it's up to you to explore such a charming place and lead your own people, while building their trust.\r\n\r\nTherefore, send pioneers to explore the wilderness, find many useful resources and hidden places. But what else is hidden in the fantastic world of Pagonia? Click Download Pioneers of Pagonia via torrent on PC to find out.", "price": "11.00", "genre": 4, "release_date": "2024-03-12", "authors": [16]}}, {"model": "gamesAndReviews.game", "pk": 60, "fields": {"name": "Hex of Steel", "image": "image/upload/v1727009642/u4xwdtzic4vktg6u2vwc.jpg", "description": "Hex of Steel is a strategy game where you find yourself in the Second World War and defeat your opponents in the largest battles around the world. These events are an indelible imprint on the fate of all mankind. Your task is to go back in time and try to change them. To do this, you need to download Hex of Steel via torrent on PC.\r\n\r\nYour task as a strategist is to think over the best combat tactics and come out of the battle as a winner. You can show your skills in different conditions - battles will take place on all continents, these are Europe, Africa, the Pacific region, etc.\r\n\r\nAny type of troops is available in the game, your task is to use their features and advantage to achieve your goals. Deploy weapons and manpower, taking into account their parameters. Create your own battle, map and customize the scenario through the editor mode.", "price": "55.00", "genre": 4, "release_date": "2024-09-22", "authors": [16, 3]}}, {"model": "gamesAndReviews.game", "pk": 61, "fields": {"name": "CarX Street", "image": "image/upload/v1727009777/vs6ixx3pv8wpjfmiuhwq.jpg", "description": "Night city and high speed attract a lot of attention and are sometimes the basis of new adventures. Today you will have the opportunity to go on an exciting adventure and try to achieve a good result in terms of an active race in a variety of game modes. What is most interesting, thanks to the new adventure, you will be able to have a good time and enjoy all the available moments of the game that will surely please you and allow you to show your driving skills. You will have to compete in different directions, starting with a regular race, ending with drifting and many other exciting areas. You just need to try to achieve a good result and be the best.\r\n\r\nAn abundance of opportunities\r\n\r\nThe first thing I would like to note is the opportunity to act actively and strive for the best result. A variety of interesting cars will be available for you to choose from, which will differ not only in appearance, but also in characteristics. And to start personally testing all your carts", "price": "32.00", "genre": 2, "release_date": "2024-09-18", "authors": [17]}}, {"model": "gamesAndReviews.game", "pk": 62, "fields": {"name": "American Truck Simulator", "image": "image/upload/v1727009823/mnviac9vfjdxdbeyhv37.jpg", "description": "Otit to ride legendary American trucks on the roads of the not so long discovered Western continent? American Truck Simulator gives you a unique opportunity to make your dream come true. But it is not known when exactly this will be done. The first mention of the project dates back to 2013, then there was no news about it for some time, talks resumed in 2014, and an announcement took place at the E3 2015 exhibition.\r\n\r\nThe information provided by SCS Software, which is also working on Euro Coach Simulator at various times, is truly impressive. Judge for yourself: the studio wants to recreate a huge territory of the North American continent - in American Truck Simulator there will be about 100 cities, including Los Angeles, Las Vegas, San Diego. First you will need to conquer California, and then other hot, cool and cold lands.\r\n\r\nHowever, we note that while the development of American Truck Simulator is underway, it is impossible to talk about anything specific - everything may change. However, it is impossible to doubt the rights", "price": "65.00", "genre": 2, "release_date": "2022-12-12", "authors": [17]}}, {"model": "gamesAndReviews.game", "pk": 63, "fields": {"name": "Turbo Sliders Unlimited", "image": "image/upload/v1727009868/koi57hxaave8qkicub8c.jpg", "description": "urbo Sliders Unlimited is a racing adventure that invites you to go to a completely new expanse of the virtual world. Get ready, you have to take part in an unusual competition that will be focused not only on the fastest racer, but also on the most courageous and skillful. After all, these races are adventures and will allow you to take part in a large number of different competitions. But first, we want to suggest that you download Turbo Sliders Unlimited torrent on PC so that you can succeed without any problems. You will have to compete against other racers, it will be difficult to predict who will win, especially if you participate in custom races.\r\n\r\nCraft and race\r\n\r\nAn important advantage of this arcade racing game is that the game has tools to create your own unique tracks. You can create a variety of interesting tracks that will delight you not only with unusual turns, but also with other interesting challenges. You have to", "price": "77.00", "genre": 2, "release_date": "2024-07-23", "authors": [17]}}, {"model": "gamesAndReviews.game", "pk": 64, "fields": {"name": "Forza Horizon 5", "image": "image/upload/v1727009912/kcgpxsaszzzluflcetgw.jpg", "description": "Racing adventures have always delighted with a variety of interesting adventures that allow you to enjoy beautiful environments and other interesting innovations. This time we offer you to go on a new adventure that will delight you not only with its new expanses, but also with amazing car details. This game series is rightfully considered the best among races due to its realism and beautiful graphics. You are about to embark on an amazing adventure with deep potential and great prospects. You just have to use your opportunities correctly and you can enjoy the game.\r\n\r\nLarge fleet of vehicles\r\n\r\nWe hasten to please you that a spacious and rich fleet of cars awaits you, which will be perfect for testing and testing. You will just need to carefully study their technical characteristics and choose a certain model for rides on the tracks. You'll enjoy every model of machine that has been built with real-world prototypes in mind", "price": "69.99", "genre": 2, "release_date": "2024-09-18", "authors": [17]}}, {"model": "gamesAndReviews.game", "pk": 65, "fields": {"name": "PISTA Motorsport", "image": "image/upload/v1727009954/dyrglsauxutehcaowzi4.jpg", "description": "PISTA Motorsport – get behind the wheel as soon as possible! After all, the presence of realistic graphics, physics, an extensive selection of racing cars and modes made our game really exciting. The race will definitely appeal to enthusiasts.\r\n\r\nGame plot\r\nSimply put, open the doors to an incredible virtual racing experience that will help you experience real adrenaline and a lot of thrills. In addition, only here you can drive on the famous Argentine tracks!\r\n\r\nAlso, it is undoubtedly worth noting that the developers have worked hard to recreate the realistic feelings and difficulties of driving racing cars. In addition, here you can choose the right car and then test it on well-designed tracks. And do not forget that each vehicle has received its own unique handling and characteristics. How do you like this?", "price": "44.00", "genre": 2, "release_date": "2024-03-12", "authors": [17]}}, {"model": "gamesAndReviews.game", "pk": 66, "fields": {"name": "SnowRunner", "image": "image/upload/v1727010006/w7vi7p94gfectlwibt66.jpg", "description": "Extreme driving simulators have gained recognition all over the world, so many developers have begun to actively develop this genre. Today you will have the opportunity to download SnowRunner via torrent in Russian and go on a new adventure. This time you will again have to visit hard-to-reach areas, where you will have to organize transportation and perform other tasks. The problem is that the territory has practically no roads. It is a clot of dirt and water, and given that you have to act in winter conditions, the task becomes several times more difficult.\r\n\r\nSteel Monsters\r\nThis time, the developers decided to please the players with a whole fleet of different vehicles. In total, it includes about 40 models of a wide variety of cars, ranging from pickups to armored personnel carriers and transport giants. You will be able to ride each of them depending on the task. At the same time, it is possible to customize and add new elements. For example", "price": "54.00", "genre": 2, "release_date": "2024-03-12", "authors": [17]}}, {"model": "gamesAndReviews.game", "pk": 67, "fields": {"name": "Forza Motorsport 2023", "image": "image/upload/v1727010059/nnz8gui7tfcjqgm9z8su.jpg", "description": "Racing simulators always cause a big salvo of emotions and continue to be in demand, as this genre has its own large fan base who definitely do not mind having a good time and enjoying a beautiful game. Today we want to offer you a completely new release of the racing simulator, which is in great demand among fans. According to the calculations, this is already the eighth part, which continues to improve and offer truly unique opportunities in terms of pleasant rides and aesthetic pleasure from the beauty of the cars themselves. Therefore, do not waste time and just go on this exciting adventure.\r\n\r\nEven more realism\r\n\r\nThe main advantage of this adventure is that now you will have the opportunity to have a good time and enjoy a beautiful game. With each new part, the developers add more and more new technical improvements to the game expanses, which raise the bar for realism. For example, this time you will have the opportunity to appreciate the atmospheric", "price": "66.00", "genre": 2, "release_date": "2024-03-12", "authors": [17]}}, {"model": "gamesAndReviews.game", "pk": 68, "fields": {"name": "Super Woden GP 2", "image": "image/upload/v1727010109/emlqx32t3qnwjkfyrasb.jpg", "description": "Super Woden GP 2 – immerse yourself in the old-school world of motorsports for a truly unique experience. After all, it is here that you can fully enjoy arcade isometric races and a variety of vehicles. And buy, sell and open the latter.\r\n\r\nGame Description\r\nTake part in a variety of championships, go to a rally or maybe you like a weekend competition? And what about the arcade mode and endurance racing? You can easily participate in all this and more.\r\n\r\nIn addition, it is undoubtedly worth noting the extremely clear central map, which can offer you almost endless possibilities.", "price": "11.77", "genre": 2, "release_date": "2024-07-23", "authors": [8, 17]}}, {"model": "gamesAndReviews.game", "pk": 69, "fields": {"name": "Counter Strike 1.6", "image": "image/upload/v1727010318/cvfcpnaviryk6h560rmk.jpg", "description": "Counter-Strike 1.6 (CT 1.6) is a legendary series of multiplayer 1st person shooters, which celebrated its 15th anniversary in 2015. Such a respectable age for a computer game does not affect the popularity of this project, which has united more than one generation in front of the screens. Perhaps the most popular representative of the series is Counter Strike 1.6, including in the field of esports.\r\n\r\nThe essence of the project is that two teams of gamers confront each other, performing certain tasks. The first team is terrorists. Their tasks include taking hostages, mining facilities, killing a very important person (VIP) and destroying opponents. The second team is the fighters of counter-terrorist units. Their tasks are opposite: rescuing hostages, defusing a bomb, escorting and saving the lives of VIPs and... This is where the goals coincide.\r\n\r\nThe team objectives listed above are game modes. For convenience, the names of the cards have special prefixes that allow you to understand what you will be doing", "price": "10.01", "genre": 6, "release_date": "2001-11-11", "authors": [18]}}, {"model": "gamesAndReviews.game", "pk": 70, "fields": {"name": "Silica", "image": "image/upload/v1727010378/ojybrdoanja6ezrveupv.jpg", "description": "Silica – try to take control of the planet called Baltarus in this extraordinary crossover. Give orders as a real commander and enjoy the game plot to the fullest in different modes. Embark on adventures with an army of humans or side with the aliens.\r\n\r\nGame Overview\r\nHere is a rather exciting combination of a shooter with a 1st person view and a classic real-time strategy. At the same time, the developers have tried to provide players with maximum freedom of choice, which will definitely appeal to many. Well, if you like when sand is stuffed into your boots, bullets are constantly whistling over your head, and there are a lot of ruthless aliens everywhere, then this game is what you need!", "price": "43.00", "genre": 6, "release_date": "2024-09-22", "authors": [16, 18]}}, {"model": "gamesAndReviews.game", "pk": 71, "fields": {"name": "VLADiK BRUTAL", "image": "image/upload/v1727010433/ml1eiy4gawbaezvzmxdg.jpg", "description": "VLADiK BRUTAL is a first-person shooter that invites you to go to an unusual interactive universe and try to do everything to save innocent people. You have to play as a rebel in a big city who is faced with dictatorial power and almost identical people, zombified and dangerous enemies and many other unpleasant moments. You will have to carefully explore the environment and try to gradually achieve a good result, which will not do without chases, shootouts and many other elements of activity. And in order to start actively acting now, it will be enough just to download the VLADiK BRUTAL torrent on PC, and after that you can go on an adventure.\r\n\r\nDangerous city\r\n\r\nYou have to travel around the metropolis, which is filled with various dangerous enemies, among which you will have to run for a long time. Dictatorial power has forced them to attack you despite all the damage and threats. Therefore, your enemies will attack you head-on,", "price": "11.98", "genre": 6, "release_date": "2024-09-19", "authors": [18]}}, {"model": "gamesAndReviews.game", "pk": 72, "fields": {"name": "DOÎM II", "image": "image/upload/v1727010493/v7mqzmztzjppnb8lsxbe.jpg", "description": "DOOM + DOOM II – Meet the most complete versions of the improved game of the same name! The well-known id Software studio worked on their development, and now both games are available for passage in the collection. So what are you waiting for?\r\n\r\nGame plot\r\nThis project was developed by id Software studio and released back in 1993, immediately after which it became one of the most popular shooters with a 1st person view and began to set the direction of the whole genre! In 1994, the second part of the game was developed. Now the developers offer to play both parts of the games, with improved gameplay. For example, this includes both DOOM games, TNT: Evilution, Master Levels for DOOM II, and an all-new episode that has been developed by several game studios.", "price": "10.00", "genre": 6, "release_date": "2022-12-12", "authors": [18]}}, {"model": "gamesAndReviews.game", "pk": 73, "fields": {"name": "POSTAL 4 No Regerts", "image": "image/upload/v1727010544/epyr9kr4y325bl0kzfep.jpg", "description": "Surely you miss madness and complete freedom of action? Then you should not waste time and just take advantage of the unique chance to download POSTAL 4 No Regerts via torrent. As you have already understood, you are waiting for the continuation of the cult and crazy adventure about a certain Dude, who does not really worry about the means used and tries with all his might to achieve his goals. By the way, the events of the new part of the legendary game ignore the events of the third part and continue the story from the second part, so you will again return to the town where the real apocalypse took place. However, if you remember the events of the previous games, then there is nothing left of the city, and the Dude himself was forced to continue to live and move.\r\n\r\nAfter long wanderings, the main character found himself in an unpleasant situation and was robbed. Now he will again have to find food, clothes and means of subsistence, and as you understand, he will not choose many ways. Therefore, you will have to actively act, complete missions", "price": "23.43", "genre": 6, "release_date": "2024-07-23", "authors": [18]}}, {"model": "gamesAndReviews.game", "pk": 74, "fields": {"name": "Escape From Tarkov", "image": "image/upload/v1727010606/bzz10ktfhapeafzvklvi.jpg", "description": "Escape From Tarkov is an innovative MMO shooter that is being developed by a Russian company. In this virtual world, players will face a hostile environment, will be able to fight for one of the two sides of warring corporations, as well as face the forces of the UN and the Russian Armed Forces. The events of the game will take place in a village called Tarkov, where there is a mysterious laboratory, which everyone knows about, but no one has seen it yet and which must be urgently found. True, everyone who went in search of her remained in this mysterious city. No, it's not about death, it's just that the city is isolated and many people liked living in it.\r\n\r\nPlayers will find an extremely hostile environment, complete freedom of action and imitation of real existence. That is, the characters will starve, they need water, various wounds, if they are not eliminated in time, they will begin to spread and worsen their general condition. And this is only the first part of the problems that await players in this world. And to survive in it, players will have access to", "price": "44.44", "genre": 6, "release_date": "2024-09-22", "authors": [16, 18]}}, {"model": "gamesAndReviews.game", "pk": 75, "fields": {"name": "Ready Or Not", "image": "image/upload/v1727010656/fwrobb79if7lrvyl2yyf.jpg", "description": "A small studio called VOID Interactive has been developing an unannounced game project for a long time and now it's time to reveal all the cards. The developers have published a trailer for their first-person shooter called Ready Or Not, which has a bias towards tactical interaction and team play. The project will be released very soon, so you can safely wait for our release. Right after it, you can download Ready Or Not via torrent in Russian for free.\r\n\r\nThe events of the game Ready Or Not unfold in the territory of America, which this time is mired in chaos, destruction and crime. A huge civilization has turned into slums and distressed territories. Now, in such an environment, players will have to fight, knock out information and try to restore order in these territories. At first, it may seem that this is not so difficult to do, but in reality, everything will be more unpredictable.\r\n\r\nIt is already known that this game project will include possibly", "price": "55.55", "genre": 6, "release_date": "2024-09-22", "authors": [18]}}, {"model": "gamesAndReviews.game", "pk": 76, "fields": {"name": "Doîm Eternal", "image": "image/upload/v1727010718/aqwrfrsncrw6hu1sxdme.jpg", "description": "Bethesda does not stop delighting fans with new announcements. The fact is that the E3 conference was recently held and the company presented a lot of new game announcements. One of them was the long-awaited sequel to the DOOM game series, which will now be more terrible, bloodier and more difficult. So far, the company has presented only an interesting and rich trailer, which showed that now hell will overtake the Earth and now the main character will have to fight on his native territory. While the project is in development and the developers are not ready to show the gameplay, but according to them, there is not much time left to wait. Right after the release, you will be able to download the DOOM: Eternal torrent and enjoy a new adventure.\r\n\r\nThe new part of the adventure is undoubtedly pleasing and will surely surprise during the release. The first updated part of the grandiose game series received a lot of positive reviews and the sequel will surely be a great reason to plunge into the bloody entertainment again. We suggest you just be patient and wait for the release. Navernia", "price": "66.66", "genre": 6, "release_date": "2024-09-18", "authors": [18]}}, {"model": "gamesAndReviews.review", "pk": 1, "fields": {"title": "look good", "content": "qwertyuiodsfghjkfzdghj sdfgjhkj dxgfhcgjvhkj sdfdghj fdgh fzsdgxfhcgsf dfhgfjhj", "rating": 10, "date_of_post": "2024-09-21T17:14:37.178Z", "author": 2, "game_to_review": 1}}, {"model": "gamesAndReviews.review", "pk": 2, "fields": {"title": "look bad", "content": "sdsfdgfhgfhjkl;kljyhtgref zgxhtjykulikjyhtgr zsgxhdgcjhgvkjhlbk sdgxfhcjgv sdsfdhgcjf h xgcdf gfhdgfh sdsfdgfhgfhjkl;kljyhtgref zgxhtjykulikjyhtgr zsgxhdgcjhgvkjhlbk sdgxfhcjgv sdsfdhgcjf h xgcdf gfhdgfh sdsfdgfhgfhjkl;kljyhtgref zgxhtjykulikjyhtgr zsgxhdgcjhgvkjhlbk sdgxfhcjgv sdsfdhgcjf h xgcdf gfhdgfh sdsfdgfhgfhjkl;kljyhtgref zgxhtjykulikjyhtgr zsgxhdgcjhgvkjhlbk sdgxfhcjgv sdsfdhgcjf h xgcdf gfhdgfh sdsfdgfhgfhjkl;kljyhtgref zgxhtjykulikjyhtgr zsgxhdgcjhgvkjhlbk sdgxfhcjgv sdsfdhgcjf h xgcdf gfhdgfh sdsfdgfhgfhjkl;kljyhtgref zgxhtjykulikjyhtgr zsgxhdgcjhgvkjhlbk sdgxfhcjgv sdsfdhgcjf h xgcdf gfhdgfh sdsfdgfhgfhjkl;kljyhtgref zgxhtjykulikjyhtgr zsgxhdgcjhgvkjhlbk sdgxfhcjgv sdsfdhgcjf h xgcdf gfhdgfh sdsfdgfhgfhjkl;kljyhtgref zgxhtjykulikjyhtgr zsgxhdgcjhgvkjhlbk sdgxfhcjgv sdsfdhgcjf h xgcdf gfhdgfh", "rating": 10, "date_of_post": "2024-09-21T17:17:22.787Z", "author": 3, "game_to_review": 1}}, {"model": "gamesAndReviews.review", "pk": 3, "fields": {"title": "bad", "content": "fa ergeg sergsgh esgerg aerg erag earsgerag erg fa ergeg sergsgh esgerg aerg erag earsgerag erg fa ergeg sergsgh esgerg aerg erag earsgerag erg fa ergeg sergsgh esgerg aerg erag earsgerag erg  fa ergeg sergsgh esgerg aerg erag earsgerag ergfa ergeg sergsgh esgerg aerg erag earsgerag erg fa ergeg sergsgh esgerg aerg erag earsgerag erg v v fa ergeg sergsgh esgerg aerg erag earsgerag ergfa ergeg sergsgh esgerg aerg erag earsgerag erg", "rating": 4, "date_of_post": "2024-09-22T08:37:13.662Z", "author": 3, "game_to_review": 1}}, {"model": "gamesAndReviews.review", "pk": 4, "fields": {"title": "qwe", "content": "fa ergeg sergsgh esgerg aerg erag earsgerag erg fa ergeg sergsgh esgerg aerg erag earsgerag erg fa ergeg sergsgh esgerg aerg erag earsgerag erg fa ergeg sergsgh esgerg aerg erag earsgerag erg fa ergeg sergsgh esgerg aerg erag earsgerag erg fa ergeg sergsgh esgerg aerg erag earsgerag erg fa ergeg sergsgh esgerg aerg erag earsgerag erg fa ergeg sergsgh esgerg aerg erag earsgerag erg fa ergeg sergsgh esgerg aerg erag earsgerag erg fa ergeg sergsgh esgerg aerg erag earsgerag erg fa ergeg sergsgh esgerg aerg erag earsgerag erg fa ergeg sergsgh esgerg aerg erag earsgerag erg fa ergeg sergsgh esgerg aerg erag earsgerag erg fa ergeg sergsgh esgerg aerg erag earsgerag erg fa ergeg sergsgh esgerg aerg erag earsgerag erg fa ergeg sergsgh esgerg aerg erag earsgerag erg fa ergeg sergsgh esgerg aerg erag earsgerag erg fa ergeg sergsgh esgerg aerg erag earsgerag erg fa ergeg sergsgh esgerg aerg erag earsgerag erg fa ergeg sergsgh esgerg aerg erag earsgerag erg fa ergeg sergsgh esgerg aerg erag earsgerag erg fa ergeg sergsgh esgerg aerg erag earsgerag erg fa ergeg sergsgh esgerg aerg erag earsgerag erg fa ergeg sergsgh esgerg aerg erag earsgerag erg fa ergeg sergsgh esgerg aerg erag earsgerag erg fa ergeg sergsgh esgerg aerg erag earsgerag erg fa ergeg sergsgh esgerg aerg erag earsgerag erg fa ergeg sergsgh esgerg aerg erag earsgerag erg fa ergeg sergsgh esgerg aerg erag earsgerag erg fa ergeg sergsgh esgerg aerg erag earsgerag erg fa ergeg sergsgh esgerg aerg erag earsgerag erg", "rating": 2, "date_of_post": "2024-09-22T08:37:36.909Z", "author": 3, "game_to_review": 4}}, {"model": "gamesAndReviews.review", "pk": 5, "fields": {"title": "look bad rea", "content": "fa ergeg sergsgh esgerg aerg erag earsgerag erg fa ergeg sergsgh esgerg aerg erag earsgerag erg fa ergeg sergsgh esgerg aerg erag earsgerag erg fa ergeg sergsgh esgerg aerg erag earsgerag erg fa ergeg sergsgh esgerg aerg erag earsgerag erg fa ergeg sergsgh esgerg aerg erag earsgerag erg fa ergeg sergsgh esgerg aerg erag earsgerag erg fa ergeg sergsgh esgerg aerg erag earsgerag erg fa ergeg sergsgh esgerg aerg erag earsgerag erg fa ergeg sergsgh esgerg aerg erag earsgerag erg fa ergeg sergsgh esgerg aerg erag earsgerag erg fa ergeg sergsgh esgerg aerg erag earsgerag erg fa ergeg sergsgh esgerg aerg erag earsgerag erg fa ergeg sergsgh esgerg aerg erag earsgerag erg fa ergeg sergsgh esgerg aerg erag earsgerag erg fa ergeg sergsgh esgerg aerg erag earsgerag erg fa ergeg sergsgh esgerg aerg erag earsgerag erg fa ergeg sergsgh esgerg aerg erag earsgerag erg fa ergeg sergsgh esgerg aerg erag earsgerag erg fa ergeg sergsgh esgerg aerg erag earsgerag erg fa ergeg sergsgh esgerg aerg erag earsgerag erg fa ergeg sergsgh esgerg aerg erag earsgerag erg", "rating": 5, "date_of_post": "2024-09-22T08:37:56.188Z", "author": 3, "game_to_review": 4}}, {"model": "gamesAndReviews.review", "pk": 6, "fields": {"title": "look bad ew", "content": "fa ergeg sergsgh esgerg aerg erag earsgerag erg fa ergeg sergsgh esgerg aerg erag earsgerag erg fa ergeg sergsgh esgerg aerg erag earsgerag erg fa ergeg sergsgh esgerg aerg erag earsgerag erg fa ergeg sergsgh esgerg aerg erag earsgerag erg fa ergeg sergsgh esgerg aerg erag earsgerag erg fa ergeg sergsgh esgerg aerg erag earsgerag erg fa ergeg sergsgh esgerg aerg erag earsgerag erg fa ergeg sergsgh esgerg aerg erag earsgerag erg fa ergeg sergsgh esgerg aerg erag earsgerag erg fa ergeg sergsgh esgerg aerg erag earsgerag erg fa ergeg sergsgh esgerg aerg erag earsgerag erg fa ergeg sergsgh esgerg aerg erag earsgerag erg fa ergeg sergsgh esgerg aerg erag earsgerag erg fa ergeg sergsgh esgerg aerg erag earsgerag erg fa ergeg sergsgh esgerg aerg erag earsgerag erg fa ergeg sergsgh esgerg aerg erag earsgerag erg fa ergeg sergsgh esgerg aerg erag earsgerag erg fa ergeg sergsgh esgerg aerg erag earsgerag erg fa ergeg sergsgh esgerg aerg erag earsgerag erg fa ergeg sergsgh esgerg aerg erag earsgerag erg fa ergeg sergsgh esgerg aerg erag earsgerag erg fa ergeg sergsgh esgerg aerg erag earsgerag erg fa ergeg sergsgh esgerg aerg erag earsgerag erg fa ergeg sergsgh esgerg aerg erag earsgerag erg fa ergeg sergsgh esgerg aerg erag earsgerag erg fa ergeg sergsgh esgerg aerg erag earsgerag erg fa ergeg sergsgh esgerg aerg erag earsgerag erg fa ergeg sergsgh esgerg aerg erag earsgerag erg fa ergeg sergsgh esgerg aerg erag earsgerag erg fa ergeg sergsgh esgerg aerg erag earsgerag erg fa ergeg sergsgh esgerg aerg erag earsgerag erg", "rating": 5, "date_of_post": "2024-09-22T08:38:15.997Z", "author": 3, "game_to_review": 3}}, {"model": "gamesAndReviews.review", "pk": 7, "fields": {"title": "qwe qw", "content": "fa ergeg sergsgh esgerg aerg erag earsgerag erg fa ergeg sergsgh esgerg aerg erag earsgerag erg fa ergeg sergsgh esgerg aerg erag earsgerag erg fa ergeg sergsgh esgerg aerg erag earsgerag erg fa ergeg sergsgh esgerg aerg erag earsgerag erg fa ergeg sergsgh esgerg aerg erag earsgerag erg fa ergeg sergsgh esgerg aerg erag earsgerag erg fa ergeg sergsgh esgerg aerg erag earsgerag erg fa ergeg sergsgh esgerg aerg erag earsgerag erg fa ergeg sergsgh esgerg aerg erag earsgerag erg fa ergeg sergsgh esgerg aerg erag earsgerag erg fa ergeg sergsgh esgerg aerg erag earsgerag erg fa ergeg sergsgh esgerg aerg erag earsgerag erg fa ergeg sergsgh esgerg aerg erag earsgerag erg fa ergeg sergsgh esgerg aerg erag earsgerag erg fa ergeg sergsgh esgerg aerg erag earsgerag erg fa ergeg sergsgh esgerg aerg erag earsgerag erg fa ergeg sergsgh esgerg aerg erag earsgerag erg fa ergeg sergsgh esgerg aerg erag earsgerag erg fa ergeg sergsgh esgerg aerg erag earsgerag erg fa ergeg sergsgh esgerg aerg erag earsgerag erg fa ergeg sergsgh esgerg aerg erag earsgerag erg fa ergeg sergsgh esgerg aerg erag earsgerag erg fa ergeg sergsgh esgerg aerg erag earsgerag erg fa ergeg sergsgh esgerg aerg erag earsgerag erg", "rating": 7, "date_of_post": "2024-09-22T08:38:37.517Z", "author": 3, "game_to_review": 4}}, {"model": "gamesAndReviews.review", "pk": 8, "fields": {"title": "look bad as", "content": "fa ergeg sergsgh esgerg aerg erag earsgerag erg fa ergeg sergsgh esgerg aerg erag earsgerag erg fa ergeg sergsgh esgerg aerg erag earsgerag erg fa ergeg sergsgh esgerg aerg erag earsgerag erg fa ergeg sergsgh esgerg aerg erag earsgerag erg fa ergeg sergsgh esgerg aerg erag earsgerag erg fa ergeg sergsgh esgerg aerg erag earsgerag erg fa ergeg sergsgh esgerg aerg erag earsgerag erg fa ergeg sergsgh esgerg aerg erag earsgerag erg fa ergeg sergsgh esgerg aerg erag earsgerag erg fa ergeg sergsgh esgerg aerg erag earsgerag erg fa ergeg sergsgh esgerg aerg erag earsgerag erg fa ergeg sergsgh esgerg aerg erag earsgerag erg fa ergeg sergsgh esgerg aerg erag earsgerag erg fa ergeg sergsgh esgerg aerg erag earsgerag erg fa ergeg sergsgh esgerg aerg erag earsgerag erg fa ergeg sergsgh esgerg aerg erag earsgerag erg fa ergeg sergsgh esgerg aerg erag earsgerag erg fa ergeg sergsgh esgerg aerg erag earsgerag erg fa ergeg sergsgh esgerg aerg erag earsgerag erg fa ergeg sergsgh esgerg aerg erag earsgerag erg fa ergeg sergsgh esgerg aerg erag earsgerag erg fa ergeg sergsgh esgerg aerg erag earsgerag erg fa ergeg sergsgh esgerg aerg erag earsgerag erg fa ergeg sergsgh esgerg aerg erag earsgerag erg fa ergeg sergsgh esgerg aerg erag earsgerag erg fa ergeg sergsgh esgerg aerg erag earsgerag erg fa ergeg sergsgh esgerg aerg erag earsgerag erg fa ergeg sergsgh esgerg aerg erag earsgerag erg", "rating": 6, "date_of_post": "2024-09-22T08:38:53.453Z", "author": 3, "game_to_review": 3}}, {"model": "gamesAndReviews.review", "pk": 9, "fields": {"title": "look bad ew qw", "content": "fa ergeg sergsgh esgerg aerg erag earsgerag erg fa ergeg sergsgh esgerg aerg erag earsgerag erg fa ergeg sergsgh esgerg aerg erag earsgerag erg fa ergeg sergsgh esgerg aerg erag earsgerag erg fa ergeg sergsgh esgerg aerg erag earsgerag erg fa ergeg sergsgh esgerg aerg erag earsgerag erg fa ergeg sergsgh esgerg aerg erag earsgerag erg fa ergeg sergsgh esgerg aerg erag earsgerag erg fa ergeg sergsgh esgerg aerg erag earsgerag erg fa ergeg sergsgh esgerg aerg erag earsgerag erg fa ergeg sergsgh esgerg aerg erag earsgerag erg fa ergeg sergsgh esgerg aerg erag earsgerag erg fa ergeg sergsgh esgerg aerg erag earsgerag erg fa ergeg sergsgh esgerg aerg erag earsgerag erg fa ergeg sergsgh esgerg aerg erag earsgerag erg fa ergeg sergsgh esgerg aerg erag earsgerag erg fa ergeg sergsgh esgerg aerg erag earsgerag erg fa ergeg sergsgh esgerg aerg erag earsgerag erg fa ergeg sergsgh esgerg aerg erag earsgerag erg fa ergeg sergsgh esgerg aerg erag earsgerag erg fa ergeg sergsgh esgerg aerg erag earsgerag erg fa ergeg sergsgh esgerg aerg erag earsgerag erg fa ergeg sergsgh esgerg aerg erag earsgerag erg fa ergeg sergsgh esgerg aerg erag earsgerag erg fa ergeg sergsgh esgerg aerg erag earsgerag erg fa ergeg sergsgh esgerg aerg erag earsgerag erg", "rating": 9, "date_of_post": "2024-09-22T08:39:09.301Z", "author": 3, "game_to_review": 6}}, {"model": "gamesAndReviews.review", "pk": 14, "fields": {"title": "Worse game ever", "content": "Worse game everWorse game everWorse game everWorse game everWorse game everWorse game everWorse game everWorse game everWorse game everWorse game everWorse game everWorse game everWorse game everWorse game everWorse game ever", "rating": 1, "date_of_post": "2024-09-22T13:40:53.511Z", "author": 18, "game_to_review": 44}}, {"model": "gamesAndReviews.review", "pk": 15, "fields": {"title": "This game surpassed all my expectations.", "content": "This game surpassed all my expectations. The attention to detail is immaculate, from the intricacies of the storyline to the depth of the characters. Every moment felt purposeful, and I found myself completely immersed for hours on end. The visuals are stunning, and the sound design complements the experience perfectly. It’s rare to find a game that keeps you engaged throughout, but this one does just that.\"", "rating": 9, "date_of_post": "2024-09-22T13:50:58.016Z", "author": 18, "game_to_review": 44}}, {"model": "gamesAndReviews.review", "pk": 16, "fields": {"title": "Realy bad", "content": "This game had so much potential, but it falls flat in almost every aspect. The pacing is awkward, the story is disjointed, and the characters are forgettable. The controls are far from intuitive, and I often found myself frustrated rather than engaged. There’s no replay value, and I regret spending my time on it.", "rating": 3, "date_of_post": "2024-09-22T13:52:04.576Z", "author": 18, "game_to_review": 57}}, {"model": "gamesAndReviews.review", "pk": 17, "fields": {"title": "Stupid game", "content": "\"I don't understand the hype around this game. The mechanics are clunky, the story feels rushed, and the characters are one-dimensional. I spent more time frustrated with the controls than enjoying the experience. The world feels bland and uninspired, and overall, it’s a huge disappointment.\"", "rating": 4, "date_of_post": "2024-09-22T13:53:16.927Z", "author": 19, "game_to_review": 44}}, {"model": "gamesAndReviews.review", "pk": 18, "fields": {"title": "Best of the best", "content": "\"I didn't expect to get hooked as fast as I did. The mechanics are smooth, the challenges are just the right amount of difficult, and the world is one you never want to leave. I found myself coming back day after day, eager to discover what happens next. It's the perfect blend of story and gameplay, making it an unforgettable experience.\"", "rating": 10, "date_of_post": "2024-09-22T13:53:55.670Z", "author": 19, "game_to_review": 30}}, {"model": "gamesAndReviews.review", "pk": 19, "fields": {"title": "Not so bad", "content": "\"A mesmerizing experience from start to finish. The developers clearly poured their hearts into every aspect of the game. The blend of atmosphere, gameplay, and narrative is near perfect. I was constantly in awe of the world I was exploring and the characters I encountered. It’s a game that sticks with you long after you’ve put the controller down.\"", "rating": 8, "date_of_post": "2024-09-22T13:54:26.870Z", "author": 19, "game_to_review": 38}}]